--
-- PostgreSQL database dump
--

\restrict pZhuCIFCktMxwzs2uBaHvJREPgLxxaYeFuxoi1eqfbBLux9567cZ5SLJWFeih7m

-- Dumped from database version 16.10 (Debian 16.10-1.pgdg13+1)
-- Dumped by pg_dump version 16.10 (Debian 16.10-1.pgdg13+1)

SET statement_timeout = 0;
SET lock_timeout = 0;
SET idle_in_transaction_session_timeout = 0;
SET client_encoding = 'UTF8';
SET standard_conforming_strings = on;
SELECT pg_catalog.set_config('search_path', '', false);
SET check_function_bodies = false;
SET xmloption = content;
SET client_min_messages = warning;
SET row_security = off;

SET default_tablespace = '';

SET default_table_access_method = heap;

--
-- Name: accounts_user; Type: TABLE; Schema: public; Owner: phishing_user
--

CREATE TABLE public.accounts_user (
    id bigint NOT NULL,
    password character varying(128) NOT NULL,
    last_login timestamp with time zone,
    is_superuser boolean NOT NULL,
    username character varying(150) NOT NULL,
    first_name character varying(150) NOT NULL,
    last_name character varying(150) NOT NULL,
    email character varying(254) NOT NULL,
    is_staff boolean NOT NULL,
    is_active boolean NOT NULL,
    date_joined timestamp with time zone NOT NULL,
    role character varying(20) NOT NULL
);


ALTER TABLE public.accounts_user OWNER TO phishing_user;

--
-- Name: accounts_user_groups; Type: TABLE; Schema: public; Owner: phishing_user
--

CREATE TABLE public.accounts_user_groups (
    id bigint NOT NULL,
    user_id bigint NOT NULL,
    group_id integer NOT NULL
);


ALTER TABLE public.accounts_user_groups OWNER TO phishing_user;

--
-- Name: accounts_user_groups_id_seq; Type: SEQUENCE; Schema: public; Owner: phishing_user
--

ALTER TABLE public.accounts_user_groups ALTER COLUMN id ADD GENERATED BY DEFAULT AS IDENTITY (
    SEQUENCE NAME public.accounts_user_groups_id_seq
    START WITH 1
    INCREMENT BY 1
    NO MINVALUE
    NO MAXVALUE
    CACHE 1
);


--
-- Name: accounts_user_id_seq; Type: SEQUENCE; Schema: public; Owner: phishing_user
--

ALTER TABLE public.accounts_user ALTER COLUMN id ADD GENERATED BY DEFAULT AS IDENTITY (
    SEQUENCE NAME public.accounts_user_id_seq
    START WITH 1
    INCREMENT BY 1
    NO MINVALUE
    NO MAXVALUE
    CACHE 1
);


--
-- Name: accounts_user_user_permissions; Type: TABLE; Schema: public; Owner: phishing_user
--

CREATE TABLE public.accounts_user_user_permissions (
    id bigint NOT NULL,
    user_id bigint NOT NULL,
    permission_id integer NOT NULL
);


ALTER TABLE public.accounts_user_user_permissions OWNER TO phishing_user;

--
-- Name: accounts_user_user_permissions_id_seq; Type: SEQUENCE; Schema: public; Owner: phishing_user
--

ALTER TABLE public.accounts_user_user_permissions ALTER COLUMN id ADD GENERATED BY DEFAULT AS IDENTITY (
    SEQUENCE NAME public.accounts_user_user_permissions_id_seq
    START WITH 1
    INCREMENT BY 1
    NO MINVALUE
    NO MAXVALUE
    CACHE 1
);


--
-- Name: auth_group; Type: TABLE; Schema: public; Owner: phishing_user
--

CREATE TABLE public.auth_group (
    id integer NOT NULL,
    name character varying(150) NOT NULL
);


ALTER TABLE public.auth_group OWNER TO phishing_user;

--
-- Name: auth_group_id_seq; Type: SEQUENCE; Schema: public; Owner: phishing_user
--

ALTER TABLE public.auth_group ALTER COLUMN id ADD GENERATED BY DEFAULT AS IDENTITY (
    SEQUENCE NAME public.auth_group_id_seq
    START WITH 1
    INCREMENT BY 1
    NO MINVALUE
    NO MAXVALUE
    CACHE 1
);


--
-- Name: auth_group_permissions; Type: TABLE; Schema: public; Owner: phishing_user
--

CREATE TABLE public.auth_group_permissions (
    id bigint NOT NULL,
    group_id integer NOT NULL,
    permission_id integer NOT NULL
);


ALTER TABLE public.auth_group_permissions OWNER TO phishing_user;

--
-- Name: auth_group_permissions_id_seq; Type: SEQUENCE; Schema: public; Owner: phishing_user
--

ALTER TABLE public.auth_group_permissions ALTER COLUMN id ADD GENERATED BY DEFAULT AS IDENTITY (
    SEQUENCE NAME public.auth_group_permissions_id_seq
    START WITH 1
    INCREMENT BY 1
    NO MINVALUE
    NO MAXVALUE
    CACHE 1
);


--
-- Name: auth_permission; Type: TABLE; Schema: public; Owner: phishing_user
--

CREATE TABLE public.auth_permission (
    id integer NOT NULL,
    name character varying(255) NOT NULL,
    content_type_id integer NOT NULL,
    codename character varying(100) NOT NULL
);


ALTER TABLE public.auth_permission OWNER TO phishing_user;

--
-- Name: auth_permission_id_seq; Type: SEQUENCE; Schema: public; Owner: phishing_user
--

ALTER TABLE public.auth_permission ALTER COLUMN id ADD GENERATED BY DEFAULT AS IDENTITY (
    SEQUENCE NAME public.auth_permission_id_seq
    START WITH 1
    INCREMENT BY 1
    NO MINVALUE
    NO MAXVALUE
    CACHE 1
);


--
-- Name: campaigns_auditlog; Type: TABLE; Schema: public; Owner: phishing_user
--

CREATE TABLE public.campaigns_auditlog (
    id bigint NOT NULL,
    action character varying(255) NOT NULL,
    details text NOT NULL,
    ip_address character varying(64) NOT NULL,
    user_agent character varying(255) NOT NULL,
    created_at timestamp with time zone NOT NULL,
    user_id bigint
);


ALTER TABLE public.campaigns_auditlog OWNER TO phishing_user;

--
-- Name: campaigns_auditlog_id_seq; Type: SEQUENCE; Schema: public; Owner: phishing_user
--

ALTER TABLE public.campaigns_auditlog ALTER COLUMN id ADD GENERATED BY DEFAULT AS IDENTITY (
    SEQUENCE NAME public.campaigns_auditlog_id_seq
    START WITH 1
    INCREMENT BY 1
    NO MINVALUE
    NO MAXVALUE
    CACHE 1
);


--
-- Name: campaigns_campaign; Type: TABLE; Schema: public; Owner: phishing_user
--

CREATE TABLE public.campaigns_campaign (
    id bigint NOT NULL,
    name character varying(150) NOT NULL,
    description text NOT NULL,
    created_at timestamp with time zone NOT NULL,
    scheduled_for timestamp with time zone,
    status character varying(20) NOT NULL,
    created_by_id bigint NOT NULL,
    email_template_id bigint NOT NULL,
    sent_at timestamp with time zone,
    updated_at timestamp with time zone NOT NULL
);


ALTER TABLE public.campaigns_campaign OWNER TO phishing_user;

--
-- Name: campaigns_campaign_id_seq; Type: SEQUENCE; Schema: public; Owner: phishing_user
--

ALTER TABLE public.campaigns_campaign ALTER COLUMN id ADD GENERATED BY DEFAULT AS IDENTITY (
    SEQUENCE NAME public.campaigns_campaign_id_seq
    START WITH 1
    INCREMENT BY 1
    NO MINVALUE
    NO MAXVALUE
    CACHE 1
);


--
-- Name: campaigns_campaignemail; Type: TABLE; Schema: public; Owner: phishing_user
--

CREATE TABLE public.campaigns_campaignemail (
    id bigint NOT NULL,
    subject character varying(255) NOT NULL,
    body_text text NOT NULL,
    body_html text NOT NULL,
    sent_at timestamp with time zone NOT NULL,
    is_read boolean NOT NULL,
    campaign_id bigint NOT NULL,
    recipient_id bigint NOT NULL
);


ALTER TABLE public.campaigns_campaignemail OWNER TO phishing_user;

--
-- Name: campaigns_campaignemail_id_seq; Type: SEQUENCE; Schema: public; Owner: phishing_user
--

ALTER TABLE public.campaigns_campaignemail ALTER COLUMN id ADD GENERATED BY DEFAULT AS IDENTITY (
    SEQUENCE NAME public.campaigns_campaignemail_id_seq
    START WITH 1
    INCREMENT BY 1
    NO MINVALUE
    NO MAXVALUE
    CACHE 1
);


--
-- Name: campaigns_campaignrecipient; Type: TABLE; Schema: public; Owner: phishing_user
--

CREATE TABLE public.campaigns_campaignrecipient (
    id bigint NOT NULL,
    tracking_id uuid NOT NULL,
    is_active boolean NOT NULL,
    created_at timestamp with time zone NOT NULL,
    campaign_id bigint NOT NULL,
    recipient_id bigint NOT NULL
);


ALTER TABLE public.campaigns_campaignrecipient OWNER TO phishing_user;

--
-- Name: campaigns_campaignrecipient_id_seq; Type: SEQUENCE; Schema: public; Owner: phishing_user
--

ALTER TABLE public.campaigns_campaignrecipient ALTER COLUMN id ADD GENERATED BY DEFAULT AS IDENTITY (
    SEQUENCE NAME public.campaigns_campaignrecipient_id_seq
    START WITH 1
    INCREMENT BY 1
    NO MINVALUE
    NO MAXVALUE
    CACHE 1
);


--
-- Name: campaigns_emailtemplate; Type: TABLE; Schema: public; Owner: phishing_user
--

CREATE TABLE public.campaigns_emailtemplate (
    id bigint NOT NULL,
    name character varying(150) NOT NULL,
    subject character varying(200) NOT NULL,
    body text NOT NULL,
    learning_points text NOT NULL,
    created_at timestamp with time zone NOT NULL,
    created_by_id bigint NOT NULL,
    scenario character varying(30) NOT NULL,
    html_content text NOT NULL,
    sender_email character varying(254) NOT NULL,
    sender_name character varying(200) NOT NULL,
    template_type character varying(20) NOT NULL,
    updated_at timestamp with time zone NOT NULL
);


ALTER TABLE public.campaigns_emailtemplate OWNER TO phishing_user;

--
-- Name: campaigns_emailtemplate_id_seq; Type: SEQUENCE; Schema: public; Owner: phishing_user
--

ALTER TABLE public.campaigns_emailtemplate ALTER COLUMN id ADD GENERATED BY DEFAULT AS IDENTITY (
    SEQUENCE NAME public.campaigns_emailtemplate_id_seq
    START WITH 1
    INCREMENT BY 1
    NO MINVALUE
    NO MAXVALUE
    CACHE 1
);


--
-- Name: campaigns_event; Type: TABLE; Schema: public; Owner: phishing_user
--

CREATE TABLE public.campaigns_event (
    id bigint NOT NULL,
    event_type character varying(10) NOT NULL,
    created_at timestamp with time zone NOT NULL,
    user_agent character varying(255) NOT NULL,
    ip_hash character varying(64) NOT NULL,
    campaign_recipient_id bigint NOT NULL
);


ALTER TABLE public.campaigns_event OWNER TO phishing_user;

--
-- Name: campaigns_event_id_seq; Type: SEQUENCE; Schema: public; Owner: phishing_user
--

ALTER TABLE public.campaigns_event ALTER COLUMN id ADD GENERATED BY DEFAULT AS IDENTITY (
    SEQUENCE NAME public.campaigns_event_id_seq
    START WITH 1
    INCREMENT BY 1
    NO MINVALUE
    NO MAXVALUE
    CACHE 1
);


--
-- Name: campaigns_recipient; Type: TABLE; Schema: public; Owner: phishing_user
--

CREATE TABLE public.campaigns_recipient (
    id bigint NOT NULL,
    email character varying(254) NOT NULL,
    first_name character varying(100) NOT NULL,
    last_name character varying(100) NOT NULL,
    department character varying(100) NOT NULL
);


ALTER TABLE public.campaigns_recipient OWNER TO phishing_user;

--
-- Name: campaigns_recipient_id_seq; Type: SEQUENCE; Schema: public; Owner: phishing_user
--

ALTER TABLE public.campaigns_recipient ALTER COLUMN id ADD GENERATED BY DEFAULT AS IDENTITY (
    SEQUENCE NAME public.campaigns_recipient_id_seq
    START WITH 1
    INCREMENT BY 1
    NO MINVALUE
    NO MAXVALUE
    CACHE 1
);


--
-- Name: campaigns_stickynote; Type: TABLE; Schema: public; Owner: phishing_user
--

CREATE TABLE public.campaigns_stickynote (
    id bigint NOT NULL,
    title character varying(120) NOT NULL,
    body text NOT NULL,
    priority character varying(10) NOT NULL,
    is_done boolean NOT NULL,
    created_at timestamp with time zone NOT NULL,
    user_id bigint NOT NULL
);


ALTER TABLE public.campaigns_stickynote OWNER TO phishing_user;

--
-- Name: campaigns_stickynote_id_seq; Type: SEQUENCE; Schema: public; Owner: phishing_user
--

ALTER TABLE public.campaigns_stickynote ALTER COLUMN id ADD GENERATED BY DEFAULT AS IDENTITY (
    SEQUENCE NAME public.campaigns_stickynote_id_seq
    START WITH 1
    INCREMENT BY 1
    NO MINVALUE
    NO MAXVALUE
    CACHE 1
);


--
-- Name: django_admin_log; Type: TABLE; Schema: public; Owner: phishing_user
--

CREATE TABLE public.django_admin_log (
    id integer NOT NULL,
    action_time timestamp with time zone NOT NULL,
    object_id text,
    object_repr character varying(200) NOT NULL,
    action_flag smallint NOT NULL,
    change_message text NOT NULL,
    content_type_id integer,
    user_id bigint NOT NULL,
    CONSTRAINT django_admin_log_action_flag_check CHECK ((action_flag >= 0))
);


ALTER TABLE public.django_admin_log OWNER TO phishing_user;

--
-- Name: django_admin_log_id_seq; Type: SEQUENCE; Schema: public; Owner: phishing_user
--

ALTER TABLE public.django_admin_log ALTER COLUMN id ADD GENERATED BY DEFAULT AS IDENTITY (
    SEQUENCE NAME public.django_admin_log_id_seq
    START WITH 1
    INCREMENT BY 1
    NO MINVALUE
    NO MAXVALUE
    CACHE 1
);


--
-- Name: django_content_type; Type: TABLE; Schema: public; Owner: phishing_user
--

CREATE TABLE public.django_content_type (
    id integer NOT NULL,
    app_label character varying(100) NOT NULL,
    model character varying(100) NOT NULL
);


ALTER TABLE public.django_content_type OWNER TO phishing_user;

--
-- Name: django_content_type_id_seq; Type: SEQUENCE; Schema: public; Owner: phishing_user
--

ALTER TABLE public.django_content_type ALTER COLUMN id ADD GENERATED BY DEFAULT AS IDENTITY (
    SEQUENCE NAME public.django_content_type_id_seq
    START WITH 1
    INCREMENT BY 1
    NO MINVALUE
    NO MAXVALUE
    CACHE 1
);


--
-- Name: django_migrations; Type: TABLE; Schema: public; Owner: phishing_user
--

CREATE TABLE public.django_migrations (
    id bigint NOT NULL,
    app character varying(255) NOT NULL,
    name character varying(255) NOT NULL,
    applied timestamp with time zone NOT NULL
);


ALTER TABLE public.django_migrations OWNER TO phishing_user;

--
-- Name: django_migrations_id_seq; Type: SEQUENCE; Schema: public; Owner: phishing_user
--

ALTER TABLE public.django_migrations ALTER COLUMN id ADD GENERATED BY DEFAULT AS IDENTITY (
    SEQUENCE NAME public.django_migrations_id_seq
    START WITH 1
    INCREMENT BY 1
    NO MINVALUE
    NO MAXVALUE
    CACHE 1
);


--
-- Name: django_session; Type: TABLE; Schema: public; Owner: phishing_user
--

CREATE TABLE public.django_session (
    session_key character varying(40) NOT NULL,
    session_data text NOT NULL,
    expire_date timestamp with time zone NOT NULL
);


ALTER TABLE public.django_session OWNER TO phishing_user;

--
-- Data for Name: accounts_user; Type: TABLE DATA; Schema: public; Owner: phishing_user
--

COPY public.accounts_user (id, password, last_login, is_superuser, username, first_name, last_name, email, is_staff, is_active, date_joined, role) FROM stdin;
5	pbkdf2_sha256$1000000$QKgLMuAfNNOdVmL6DeNZtg$tYHRWEYEYj+pnQvmIXX002xPVfzfE0rqblQs4hwDRlM=	2025-11-25 16:06:24.305478+00	f	roshan1	roshan	yo	roshan@viewer.com	f	t	2025-11-18 00:51:45+00	VIEWER
3	pbkdf2_sha256$1000000$PPydZLiNVFIpcVob8mpKT1$sZSxAI1jB/8bTT6mmTXJWc0BvWjAeFWXZFPavdguWZk=	2025-11-26 02:30:38.93931+00	f	sita				f	t	2025-11-13 19:06:58.338557+00	INSTRUCTOR
2	pbkdf2_sha256$1000000$TnByKdKEHS1gy4XwcqqDoi$1ylTAzahotc6bTnNfTYzXyAFFWgAFbwtwQr/d96oZnA=	2025-11-26 02:30:46.97841+00	f	ram				f	t	2025-11-13 19:06:57.819298+00	ADMIN
1	pbkdf2_sha256$1000000$PbvaXAt7E9ugpDyensR2K6$rrnxiPmm7ost6vnAqyr3lph3BtVQuqJSWBZ/ligdBis=	2025-11-20 14:12:23.770598+00	t	roshan			rayamajhi604@gmail.com	t	t	2025-11-13 15:46:42.048821+00	VIEWER
\.


--
-- Data for Name: accounts_user_groups; Type: TABLE DATA; Schema: public; Owner: phishing_user
--

COPY public.accounts_user_groups (id, user_id, group_id) FROM stdin;
\.


--
-- Data for Name: accounts_user_user_permissions; Type: TABLE DATA; Schema: public; Owner: phishing_user
--

COPY public.accounts_user_user_permissions (id, user_id, permission_id) FROM stdin;
\.


--
-- Data for Name: auth_group; Type: TABLE DATA; Schema: public; Owner: phishing_user
--

COPY public.auth_group (id, name) FROM stdin;
\.


--
-- Data for Name: auth_group_permissions; Type: TABLE DATA; Schema: public; Owner: phishing_user
--

COPY public.auth_group_permissions (id, group_id, permission_id) FROM stdin;
\.


--
-- Data for Name: auth_permission; Type: TABLE DATA; Schema: public; Owner: phishing_user
--

COPY public.auth_permission (id, name, content_type_id, codename) FROM stdin;
1	Can add log entry	1	add_logentry
2	Can change log entry	1	change_logentry
3	Can delete log entry	1	delete_logentry
4	Can view log entry	1	view_logentry
5	Can add permission	2	add_permission
6	Can change permission	2	change_permission
7	Can delete permission	2	delete_permission
8	Can view permission	2	view_permission
9	Can add group	3	add_group
10	Can change group	3	change_group
11	Can delete group	3	delete_group
12	Can view group	3	view_group
13	Can add content type	4	add_contenttype
14	Can change content type	4	change_contenttype
15	Can delete content type	4	delete_contenttype
16	Can view content type	4	view_contenttype
17	Can add session	5	add_session
18	Can change session	5	change_session
19	Can delete session	5	delete_session
20	Can view session	5	view_session
21	Can add user	6	add_user
22	Can change user	6	change_user
23	Can delete user	6	delete_user
24	Can view user	6	view_user
25	Can add campaign recipient	7	add_campaignrecipient
26	Can change campaign recipient	7	change_campaignrecipient
27	Can delete campaign recipient	7	delete_campaignrecipient
28	Can view campaign recipient	7	view_campaignrecipient
29	Can add email template	8	add_emailtemplate
30	Can change email template	8	change_emailtemplate
31	Can delete email template	8	delete_emailtemplate
32	Can view email template	8	view_emailtemplate
33	Can add campaign	9	add_campaign
34	Can change campaign	9	change_campaign
35	Can delete campaign	9	delete_campaign
36	Can view campaign	9	view_campaign
37	Can add recipient	10	add_recipient
38	Can change recipient	10	change_recipient
39	Can delete recipient	10	delete_recipient
40	Can view recipient	10	view_recipient
41	Can add event	11	add_event
42	Can change event	11	change_event
43	Can delete event	11	delete_event
44	Can view event	11	view_event
45	Can add audit log	12	add_auditlog
46	Can change audit log	12	change_auditlog
47	Can delete audit log	12	delete_auditlog
48	Can view audit log	12	view_auditlog
49	Can add campaign email	13	add_campaignemail
50	Can change campaign email	13	change_campaignemail
51	Can delete campaign email	13	delete_campaignemail
52	Can view campaign email	13	view_campaignemail
53	Can add sticky note	14	add_stickynote
54	Can change sticky note	14	change_stickynote
55	Can delete sticky note	14	delete_stickynote
56	Can view sticky note	14	view_stickynote
\.


--
-- Data for Name: campaigns_auditlog; Type: TABLE DATA; Schema: public; Owner: phishing_user
--

COPY public.campaigns_auditlog (id, action, details, ip_address, user_agent, created_at, user_id) FROM stdin;
1	Created email template	Template: sita (ID: 1)	4e73a25351065e2b4628603507468bae8762ca9c65e9ec82736506215b68b0be	Mozilla/5.0 (Macintosh; Intel Mac OS X 10_15_7) AppleWebKit/537.36 (KHTML, like Gecko) Chrome/142.0.0.0 Safari/537.36	2025-11-13 19:48:39.708139+00	2
2	Created campaign	Campaign: sita (ID: 1)	4e73a25351065e2b4628603507468bae8762ca9c65e9ec82736506215b68b0be	Mozilla/5.0 (Macintosh; Intel Mac OS X 10_15_7) AppleWebKit/537.36 (KHTML, like Gecko) Chrome/142.0.0.0 Safari/537.36	2025-11-13 20:04:30.365867+00	3
3	Sent campaign emails	Campaign: sita (ID: 1) - 0 recipients	4e73a25351065e2b4628603507468bae8762ca9c65e9ec82736506215b68b0be	Mozilla/5.0 (Macintosh; Intel Mac OS X 10_15_7) AppleWebKit/537.36 (KHTML, like Gecko) Chrome/142.0.0.0 Safari/537.36	2025-11-13 20:06:18.935889+00	3
4	Sent campaign emails	Campaign: sita (ID: 1) - 0 recipients	4e73a25351065e2b4628603507468bae8762ca9c65e9ec82736506215b68b0be	Mozilla/5.0 (Macintosh; Intel Mac OS X 10_15_7) AppleWebKit/537.36 (KHTML, like Gecko) Chrome/142.0.0.0 Safari/537.36	2025-11-13 20:06:37.493238+00	3
5	Sent campaign emails	Campaign: sita (ID: 1) - 0 recipients	4e73a25351065e2b4628603507468bae8762ca9c65e9ec82736506215b68b0be	Mozilla/5.0 (Macintosh; Intel Mac OS X 10_15_7) AppleWebKit/537.36 (KHTML, like Gecko) Chrome/142.0.0.0 Safari/537.36	2025-11-13 20:06:39.041496+00	3
6	Created campaign	Campaign: email (ID: 2)	4e73a25351065e2b4628603507468bae8762ca9c65e9ec82736506215b68b0be	Mozilla/5.0 (Macintosh; Intel Mac OS X 10_15_7) AppleWebKit/537.36 (KHTML, like Gecko) Chrome/142.0.0.0 Safari/537.36	2025-11-13 20:07:19.013707+00	3
7	Uploaded recipients	Campaign: email (ID: 2) - 5 new, 5 linked	4e73a25351065e2b4628603507468bae8762ca9c65e9ec82736506215b68b0be	Mozilla/5.0 (Macintosh; Intel Mac OS X 10_15_7) AppleWebKit/537.36 (KHTML, like Gecko) Chrome/142.0.0.0 Safari/537.36	2025-11-13 20:08:56.774119+00	3
8	Sent campaign emails	Campaign: email (ID: 2) - 5 recipients	4e73a25351065e2b4628603507468bae8762ca9c65e9ec82736506215b68b0be	Mozilla/5.0 (Macintosh; Intel Mac OS X 10_15_7) AppleWebKit/537.36 (KHTML, like Gecko) Chrome/142.0.0.0 Safari/537.36	2025-11-13 20:09:05.014275+00	3
9	Created campaign	Campaign: roshan (ID: 5)	4e73a25351065e2b4628603507468bae8762ca9c65e9ec82736506215b68b0be	Mozilla/5.0 (Macintosh; Intel Mac OS X 10_15_7) AppleWebKit/537.36 (KHTML, like Gecko) Chrome/142.0.0.0 Safari/537.36	2025-11-18 00:44:54.977749+00	3
10	Uploaded recipients	Campaign: roshan (ID: 5) - 0 new, 5 linked	4e73a25351065e2b4628603507468bae8762ca9c65e9ec82736506215b68b0be	Mozilla/5.0 (Macintosh; Intel Mac OS X 10_15_7) AppleWebKit/537.36 (KHTML, like Gecko) Chrome/142.0.0.0 Safari/537.36	2025-11-18 00:45:18.584053+00	3
11	Sent campaign emails	Campaign: roshan (ID: 5) - 5 recipients	4e73a25351065e2b4628603507468bae8762ca9c65e9ec82736506215b68b0be	Mozilla/5.0 (Macintosh; Intel Mac OS X 10_15_7) AppleWebKit/537.36 (KHTML, like Gecko) Chrome/142.0.0.0 Safari/537.36	2025-11-18 00:45:23.178334+00	3
12	Created campaign	Campaign: roshanhh (ID: 6)	4e73a25351065e2b4628603507468bae8762ca9c65e9ec82736506215b68b0be	Mozilla/5.0 (Macintosh; Intel Mac OS X 10_15_7) AppleWebKit/537.36 (KHTML, like Gecko) Chrome/142.0.0.0 Safari/537.36	2025-11-18 00:56:08.558072+00	3
13	Uploaded recipients	Campaign: roshanhh (ID: 6) - 0 new, 5 linked	4e73a25351065e2b4628603507468bae8762ca9c65e9ec82736506215b68b0be	Mozilla/5.0 (Macintosh; Intel Mac OS X 10_15_7) AppleWebKit/537.36 (KHTML, like Gecko) Chrome/142.0.0.0 Safari/537.36	2025-11-18 00:56:32.114142+00	3
14	Created campaign	Campaign: yoyo (ID: 7)	4e73a25351065e2b4628603507468bae8762ca9c65e9ec82736506215b68b0be	Mozilla/5.0 (Macintosh; Intel Mac OS X 10_15_7) AppleWebKit/537.36 (KHTML, like Gecko) Chrome/142.0.0.0 Safari/537.36	2025-11-18 01:00:49.713312+00	3
15	Uploaded recipients	Campaign: yoyo (ID: 7) - 0 new, 5 linked	4e73a25351065e2b4628603507468bae8762ca9c65e9ec82736506215b68b0be	Mozilla/5.0 (Macintosh; Intel Mac OS X 10_15_7) AppleWebKit/537.36 (KHTML, like Gecko) Chrome/142.0.0.0 Safari/537.36	2025-11-18 01:04:16.165463+00	3
16	Uploaded recipients	Campaign: yoyo (ID: 7) - 0 new, 0 linked	4e73a25351065e2b4628603507468bae8762ca9c65e9ec82736506215b68b0be	Mozilla/5.0 (Macintosh; Intel Mac OS X 10_15_7) AppleWebKit/537.36 (KHTML, like Gecko) Chrome/142.0.0.0 Safari/537.36	2025-11-18 01:09:01.673775+00	3
17	Uploaded recipients	Campaign: yoyo (ID: 7) - 0 new, 0 linked	4e73a25351065e2b4628603507468bae8762ca9c65e9ec82736506215b68b0be	Mozilla/5.0 (Macintosh; Intel Mac OS X 10_15_7) AppleWebKit/537.36 (KHTML, like Gecko) Chrome/142.0.0.0 Safari/537.36	2025-11-18 01:10:16.974018+00	3
18	Uploaded recipients	Campaign: yoyo (ID: 7) - 1 new, 1 linked	4e73a25351065e2b4628603507468bae8762ca9c65e9ec82736506215b68b0be	Mozilla/5.0 (Macintosh; Intel Mac OS X 10_15_7) AppleWebKit/537.36 (KHTML, like Gecko) Chrome/142.0.0.0 Safari/537.36	2025-11-18 01:13:01.434761+00	3
19	Sent campaign emails	Campaign: yoyo (ID: 7) - 6 recipients	4e73a25351065e2b4628603507468bae8762ca9c65e9ec82736506215b68b0be	Mozilla/5.0 (Macintosh; Intel Mac OS X 10_15_7) AppleWebKit/537.36 (KHTML, like Gecko) Chrome/142.0.0.0 Safari/537.36	2025-11-18 01:13:11.382478+00	3
20	Sent campaign emails	Campaign: yoyo (ID: 7) - 6 recipients	4e73a25351065e2b4628603507468bae8762ca9c65e9ec82736506215b68b0be	Mozilla/5.0 (Macintosh; Intel Mac OS X 10_15_7) AppleWebKit/537.36 (KHTML, like Gecko) Chrome/142.0.0.0 Safari/537.36	2025-11-18 01:44:10.200709+00	2
21	Created email template	Template: email (ID: 2)	4e73a25351065e2b4628603507468bae8762ca9c65e9ec82736506215b68b0be	Mozilla/5.0 (Macintosh; Intel Mac OS X 10_15_7) AppleWebKit/537.36 (KHTML, like Gecko) Chrome/142.0.0.0 Safari/537.36	2025-11-18 02:03:58.79658+00	2
22	Created campaign	Campaign: 4w (ID: 8)	4e73a25351065e2b4628603507468bae8762ca9c65e9ec82736506215b68b0be	Mozilla/5.0 (Macintosh; Intel Mac OS X 10_15_7) AppleWebKit/537.36 (KHTML, like Gecko) Chrome/142.0.0.0 Safari/537.36	2025-11-18 02:04:14.890279+00	2
23	Uploaded recipients	Campaign: 4w (ID: 8) - 0 new, 5 linked	4e73a25351065e2b4628603507468bae8762ca9c65e9ec82736506215b68b0be	Mozilla/5.0 (Macintosh; Intel Mac OS X 10_15_7) AppleWebKit/537.36 (KHTML, like Gecko) Chrome/142.0.0.0 Safari/537.36	2025-11-18 02:04:27.588391+00	2
24	Sent campaign emails	Campaign: 4w (ID: 8) - 5 recipients	4e73a25351065e2b4628603507468bae8762ca9c65e9ec82736506215b68b0be	Mozilla/5.0 (Macintosh; Intel Mac OS X 10_15_7) AppleWebKit/537.36 (KHTML, like Gecko) Chrome/142.0.0.0 Safari/537.36	2025-11-18 02:04:29.471166+00	2
25	Created email template	Template: HR policy (ID: 3)	4e73a25351065e2b4628603507468bae8762ca9c65e9ec82736506215b68b0be	Mozilla/5.0 (Macintosh; Intel Mac OS X 10_15_7) AppleWebKit/537.36 (KHTML, like Gecko) Chrome/142.0.0.0 Safari/537.36	2025-11-18 02:22:40.723837+00	3
26	Created campaign	Campaign: policy (ID: 9)	4e73a25351065e2b4628603507468bae8762ca9c65e9ec82736506215b68b0be	Mozilla/5.0 (Macintosh; Intel Mac OS X 10_15_7) AppleWebKit/537.36 (KHTML, like Gecko) Chrome/142.0.0.0 Safari/537.36	2025-11-18 02:23:09.553961+00	3
27	Uploaded recipients	Campaign: policy (ID: 9) - 0 new, 5 linked	4e73a25351065e2b4628603507468bae8762ca9c65e9ec82736506215b68b0be	Mozilla/5.0 (Macintosh; Intel Mac OS X 10_15_7) AppleWebKit/537.36 (KHTML, like Gecko) Chrome/142.0.0.0 Safari/537.36	2025-11-18 02:23:22.72947+00	3
28	Sent campaign emails	Campaign: policy (ID: 9) - 5 recipients	4e73a25351065e2b4628603507468bae8762ca9c65e9ec82736506215b68b0be	Mozilla/5.0 (Macintosh; Intel Mac OS X 10_15_7) AppleWebKit/537.36 (KHTML, like Gecko) Chrome/142.0.0.0 Safari/537.36	2025-11-18 02:23:26.151961+00	3
29	Created email template	Template: password reset (ID: 4)	4e73a25351065e2b4628603507468bae8762ca9c65e9ec82736506215b68b0be	Mozilla/5.0 (Macintosh; Intel Mac OS X 10_15_7) AppleWebKit/537.36 (KHTML, like Gecko) Chrome/142.0.0.0 Safari/537.36	2025-11-18 02:33:13.713382+00	3
30	Created campaign	Campaign: password (ID: 10)	4e73a25351065e2b4628603507468bae8762ca9c65e9ec82736506215b68b0be	Mozilla/5.0 (Macintosh; Intel Mac OS X 10_15_7) AppleWebKit/537.36 (KHTML, like Gecko) Chrome/142.0.0.0 Safari/537.36	2025-11-18 02:33:26.582958+00	3
31	Uploaded recipients	Campaign: password (ID: 10) - 0 new, 5 linked	4e73a25351065e2b4628603507468bae8762ca9c65e9ec82736506215b68b0be	Mozilla/5.0 (Macintosh; Intel Mac OS X 10_15_7) AppleWebKit/537.36 (KHTML, like Gecko) Chrome/142.0.0.0 Safari/537.36	2025-11-18 02:33:38.753979+00	3
32	Sent campaign emails	Campaign: password (ID: 10) - 5 recipients	4e73a25351065e2b4628603507468bae8762ca9c65e9ec82736506215b68b0be	Mozilla/5.0 (Macintosh; Intel Mac OS X 10_15_7) AppleWebKit/537.36 (KHTML, like Gecko) Chrome/142.0.0.0 Safari/537.36	2025-11-18 02:33:40.906821+00	3
33	Sent campaign emails	Campaign: password (ID: 10) - 5 recipients	4e73a25351065e2b4628603507468bae8762ca9c65e9ec82736506215b68b0be	Mozilla/5.0 (Macintosh; Intel Mac OS X 10_15_7) AppleWebKit/537.36 (KHTML, like Gecko) Chrome/142.0.0.0 Safari/537.36	2025-11-18 02:33:45.674104+00	3
34	Created email template	Template: PayRoll (ID: 5)	4e73a25351065e2b4628603507468bae8762ca9c65e9ec82736506215b68b0be	Mozilla/5.0 (Macintosh; Intel Mac OS X 10_15_7) AppleWebKit/537.36 (KHTML, like Gecko) Chrome/142.0.0.0 Safari/537.36	2025-11-18 03:44:38.505315+00	2
35	Created campaign	Campaign: PayRoll (ID: 11)	4e73a25351065e2b4628603507468bae8762ca9c65e9ec82736506215b68b0be	Mozilla/5.0 (Macintosh; Intel Mac OS X 10_15_7) AppleWebKit/537.36 (KHTML, like Gecko) Chrome/142.0.0.0 Safari/537.36	2025-11-18 03:45:23.121574+00	2
36	Uploaded recipients	Campaign: PayRoll (ID: 11) - 0 new, 5 linked	4e73a25351065e2b4628603507468bae8762ca9c65e9ec82736506215b68b0be	Mozilla/5.0 (Macintosh; Intel Mac OS X 10_15_7) AppleWebKit/537.36 (KHTML, like Gecko) Chrome/142.0.0.0 Safari/537.36	2025-11-18 03:45:35.328816+00	2
37	Sent campaign emails	Campaign: PayRoll (ID: 11) - 5 recipients	4e73a25351065e2b4628603507468bae8762ca9c65e9ec82736506215b68b0be	Mozilla/5.0 (Macintosh; Intel Mac OS X 10_15_7) AppleWebKit/537.36 (KHTML, like Gecko) Chrome/142.0.0.0 Safari/537.36	2025-11-18 03:45:46.239767+00	2
38	Created campaign	Campaign: urgent (ID: 12)	4e73a25351065e2b4628603507468bae8762ca9c65e9ec82736506215b68b0be	Mozilla/5.0 (Macintosh; Intel Mac OS X 10_15_7) AppleWebKit/537.36 (KHTML, like Gecko) Chrome/142.0.0.0 Safari/537.36	2025-11-19 14:43:12.802862+00	2
39	Created campaign	Campaign: hifvidfv (ID: 13)	4e73a25351065e2b4628603507468bae8762ca9c65e9ec82736506215b68b0be	Mozilla/5.0 (Macintosh; Intel Mac OS X 10_15_7) AppleWebKit/537.36 (KHTML, like Gecko) Chrome/142.0.0.0 Safari/537.36	2025-11-19 14:43:47.868897+00	2
40	Uploaded recipients	Campaign: hifvidfv (ID: 13) - 0 new, 5 linked	4e73a25351065e2b4628603507468bae8762ca9c65e9ec82736506215b68b0be	Mozilla/5.0 (Macintosh; Intel Mac OS X 10_15_7) AppleWebKit/537.36 (KHTML, like Gecko) Chrome/142.0.0.0 Safari/537.36	2025-11-19 14:45:14.000269+00	2
41	Sent campaign emails	Campaign: hifvidfv (ID: 13) - 5 recipients	4e73a25351065e2b4628603507468bae8762ca9c65e9ec82736506215b68b0be	Mozilla/5.0 (Macintosh; Intel Mac OS X 10_15_7) AppleWebKit/537.36 (KHTML, like Gecko) Chrome/142.0.0.0 Safari/537.36	2025-11-19 14:45:20.430702+00	2
42	Created campaign	Campaign: policyyy (ID: 14)	ca0b1a00c1e2e900b67996f769cb447ae41653f968d6769037fdd22536fc96f8	Mozilla/5.0 (Macintosh; Intel Mac OS X 10_15_7) AppleWebKit/537.36 (KHTML, like Gecko) Chrome/142.0.0.0 Safari/537.36	2025-11-20 14:14:52.533266+00	3
43	Uploaded recipients	Campaign: policyyy (ID: 14) - 0 new, 5 linked	ca0b1a00c1e2e900b67996f769cb447ae41653f968d6769037fdd22536fc96f8	Mozilla/5.0 (Macintosh; Intel Mac OS X 10_15_7) AppleWebKit/537.36 (KHTML, like Gecko) Chrome/142.0.0.0 Safari/537.36	2025-11-20 14:15:22.991249+00	3
44	Sent campaign emails	Campaign: policyyy (ID: 14) - 5 recipients	ca0b1a00c1e2e900b67996f769cb447ae41653f968d6769037fdd22536fc96f8	Mozilla/5.0 (Macintosh; Intel Mac OS X 10_15_7) AppleWebKit/537.36 (KHTML, like Gecko) Chrome/142.0.0.0 Safari/537.36	2025-11-20 14:15:35.384104+00	3
45	Created campaign	Campaign: ee (ID: 15)	ca0b1a00c1e2e900b67996f769cb447ae41653f968d6769037fdd22536fc96f8	Mozilla/5.0 (Macintosh; Intel Mac OS X 10_15_7) AppleWebKit/537.36 (KHTML, like Gecko) Chrome/142.0.0.0 Safari/537.36	2025-11-25 02:16:19.550006+00	2
46	Uploaded recipients	Campaign: ee (ID: 15) - 0 new, 5 linked	ca0b1a00c1e2e900b67996f769cb447ae41653f968d6769037fdd22536fc96f8	Mozilla/5.0 (Macintosh; Intel Mac OS X 10_15_7) AppleWebKit/537.36 (KHTML, like Gecko) Chrome/142.0.0.0 Safari/537.36	2025-11-25 02:16:35.025444+00	2
47	Sent campaign emails	Campaign: ee (ID: 15) - 5 recipients	ca0b1a00c1e2e900b67996f769cb447ae41653f968d6769037fdd22536fc96f8	Mozilla/5.0 (Macintosh; Intel Mac OS X 10_15_7) AppleWebKit/537.36 (KHTML, like Gecko) Chrome/142.0.0.0 Safari/537.36	2025-11-25 02:16:37.017724+00	2
48	Created campaign	Campaign: efe (ID: 16)	ca0b1a00c1e2e900b67996f769cb447ae41653f968d6769037fdd22536fc96f8	Mozilla/5.0 (Macintosh; Intel Mac OS X 10_15_7) AppleWebKit/537.36 (KHTML, like Gecko) Chrome/142.0.0.0 Safari/537.36	2025-11-25 02:27:56.356686+00	2
49	Sent campaign emails	Campaign: efe (ID: 16) - 0 recipients	ca0b1a00c1e2e900b67996f769cb447ae41653f968d6769037fdd22536fc96f8	Mozilla/5.0 (Macintosh; Intel Mac OS X 10_15_7) AppleWebKit/537.36 (KHTML, like Gecko) Chrome/142.0.0.0 Safari/537.36	2025-11-25 02:27:58.24961+00	2
50	Uploaded recipients	Campaign: efe (ID: 16) - 0 new, 5 linked	ca0b1a00c1e2e900b67996f769cb447ae41653f968d6769037fdd22536fc96f8	Mozilla/5.0 (Macintosh; Intel Mac OS X 10_15_7) AppleWebKit/537.36 (KHTML, like Gecko) Chrome/142.0.0.0 Safari/537.36	2025-11-25 02:28:14.716819+00	2
51	Sent campaign emails	Campaign: efe (ID: 16) - 5 recipients	ca0b1a00c1e2e900b67996f769cb447ae41653f968d6769037fdd22536fc96f8	Mozilla/5.0 (Macintosh; Intel Mac OS X 10_15_7) AppleWebKit/537.36 (KHTML, like Gecko) Chrome/142.0.0.0 Safari/537.36	2025-11-25 02:28:16.857964+00	2
52	Created email template	Template: Delivery (ID: 6)	ca0b1a00c1e2e900b67996f769cb447ae41653f968d6769037fdd22536fc96f8	Mozilla/5.0 (Macintosh; Intel Mac OS X 10_15_7) AppleWebKit/537.36 (KHTML, like Gecko) Chrome/142.0.0.0 Safari/537.36	2025-11-25 15:44:26.784246+00	2
53	Created campaign	Campaign: dev (ID: 17)	ca0b1a00c1e2e900b67996f769cb447ae41653f968d6769037fdd22536fc96f8	Mozilla/5.0 (Macintosh; Intel Mac OS X 10_15_7) AppleWebKit/537.36 (KHTML, like Gecko) Chrome/142.0.0.0 Safari/537.36	2025-11-25 15:44:50.221061+00	2
54	Uploaded recipients	Campaign: dev (ID: 17) - 0 new, 5 linked	ca0b1a00c1e2e900b67996f769cb447ae41653f968d6769037fdd22536fc96f8	Mozilla/5.0 (Macintosh; Intel Mac OS X 10_15_7) AppleWebKit/537.36 (KHTML, like Gecko) Chrome/142.0.0.0 Safari/537.36	2025-11-25 15:45:02.61165+00	2
55	Sent campaign emails	Campaign: dev (ID: 17) - 5 recipients	ca0b1a00c1e2e900b67996f769cb447ae41653f968d6769037fdd22536fc96f8	Mozilla/5.0 (Macintosh; Intel Mac OS X 10_15_7) AppleWebKit/537.36 (KHTML, like Gecko) Chrome/142.0.0.0 Safari/537.36	2025-11-25 15:45:04.514273+00	2
\.


--
-- Data for Name: campaigns_campaign; Type: TABLE DATA; Schema: public; Owner: phishing_user
--

COPY public.campaigns_campaign (id, name, description, created_at, scheduled_for, status, created_by_id, email_template_id, sent_at, updated_at) FROM stdin;
1	sita	this is urgen	2025-11-13 20:04:30.358805+00	2025-11-13 20:06:00+00	DRAFT	3	1	\N	2025-11-26 02:00:32.049516+00
2	email	dsfgfdbdf fbfbb	2025-11-13 20:07:19.010307+00	2025-11-13 20:10:00+00	SCHEDULED	3	1	\N	2025-11-26 02:00:32.049516+00
5	roshan	yo yo yo	2025-11-18 00:44:54.975332+00	2025-11-18 00:46:00+00	ACTIVE	3	1	\N	2025-11-26 02:00:32.049516+00
6	roshanhh	yo yo	2025-11-18 00:56:08.555016+00	\N	DRAFT	3	1	\N	2025-11-26 02:00:32.049516+00
7	yoyo	fgsdgsg	2025-11-18 01:00:49.710706+00	\N	DRAFT	3	1	\N	2025-11-26 02:00:32.049516+00
8	4w		2025-11-18 02:04:14.887087+00	\N	DRAFT	2	2	\N	2025-11-26 02:00:32.049516+00
9	policy	this is the policy	2025-11-18 02:23:09.551055+00	\N	DRAFT	3	3	\N	2025-11-26 02:00:32.049516+00
10	password		2025-11-18 02:33:26.580038+00	\N	DRAFT	3	4	\N	2025-11-26 02:00:32.049516+00
11	PayRoll	This is the payroll of this month	2025-11-18 03:45:23.118704+00	\N	DRAFT	2	5	\N	2025-11-26 02:00:32.049516+00
12	urgent	this	2025-11-19 14:43:12.790286+00	\N	DRAFT	2	5	\N	2025-11-26 02:00:32.049516+00
13	hifvidfv	this	2025-11-19 14:43:47.866636+00	\N	DRAFT	2	5	\N	2025-11-26 02:00:32.049516+00
14	policyyy		2025-11-20 14:14:52.528671+00	\N	DRAFT	3	5	\N	2025-11-26 02:00:32.049516+00
15	ee		2025-11-25 02:16:19.545993+00	\N	DRAFT	2	3	\N	2025-11-26 02:00:32.049516+00
16	efe		2025-11-25 02:27:56.353951+00	\N	DRAFT	2	4	\N	2025-11-26 02:00:32.049516+00
17	dev		2025-11-25 15:44:50.216889+00	\N	DRAFT	2	6	\N	2025-11-26 02:00:32.049516+00
\.


--
-- Data for Name: campaigns_campaignemail; Type: TABLE DATA; Schema: public; Owner: phishing_user
--

COPY public.campaigns_campaignemail (id, subject, body_text, body_html, sent_at, is_read, campaign_id, recipient_id) FROM stdin;
1	new hire	this is urgent email\n\n---\nThis is a simulated phishing email.\nClick here to continue: http://localhost:8000/campaigns/t/8d7f44b6-f32e-4312-b3f4-003d836bf2f1/click/\nIf you believe this is phishing, report it here: http://localhost:8000/campaigns/t/8d7f44b6-f32e-4312-b3f4-003d836bf2f1/report/\n	<html><body><p>this is urgent email<br><br>---<br>This is a simulated phishing email.<br>Click here to continue: http://localhost:8000/campaigns/t/8d7f44b6-f32e-4312-b3f4-003d836bf2f1/click/<br>If you believe this is phishing, report it here: http://localhost:8000/campaigns/t/8d7f44b6-f32e-4312-b3f4-003d836bf2f1/report/<br></p><img src="http://localhost:8000/campaigns/t/8d7f44b6-f32e-4312-b3f4-003d836bf2f1/open/" width="1" height="1" style="display:none;" alt="." /></body></html>	2025-11-18 00:45:23.112376+00	f	5	6
2	new hire	this is urgent email\n\n---\nThis is a simulated phishing email.\nClick here to continue: http://localhost:8000/campaigns/t/df92f25e-2554-4099-9a66-940553ca7615/click/\nIf you believe this is phishing, report it here: http://localhost:8000/campaigns/t/df92f25e-2554-4099-9a66-940553ca7615/report/\n	<html><body><p>this is urgent email<br><br>---<br>This is a simulated phishing email.<br>Click here to continue: http://localhost:8000/campaigns/t/df92f25e-2554-4099-9a66-940553ca7615/click/<br>If you believe this is phishing, report it here: http://localhost:8000/campaigns/t/df92f25e-2554-4099-9a66-940553ca7615/report/<br></p><img src="http://localhost:8000/campaigns/t/df92f25e-2554-4099-9a66-940553ca7615/open/" width="1" height="1" style="display:none;" alt="." /></body></html>	2025-11-18 00:45:23.14367+00	f	5	7
3	new hire	this is urgent email\n\n---\nThis is a simulated phishing email.\nClick here to continue: http://localhost:8000/campaigns/t/4b360ef7-f35c-430c-a4fb-6596c97eae7e/click/\nIf you believe this is phishing, report it here: http://localhost:8000/campaigns/t/4b360ef7-f35c-430c-a4fb-6596c97eae7e/report/\n	<html><body><p>this is urgent email<br><br>---<br>This is a simulated phishing email.<br>Click here to continue: http://localhost:8000/campaigns/t/4b360ef7-f35c-430c-a4fb-6596c97eae7e/click/<br>If you believe this is phishing, report it here: http://localhost:8000/campaigns/t/4b360ef7-f35c-430c-a4fb-6596c97eae7e/report/<br></p><img src="http://localhost:8000/campaigns/t/4b360ef7-f35c-430c-a4fb-6596c97eae7e/open/" width="1" height="1" style="display:none;" alt="." /></body></html>	2025-11-18 00:45:23.15962+00	f	5	8
4	new hire	this is urgent email\n\n---\nThis is a simulated phishing email.\nClick here to continue: http://localhost:8000/campaigns/t/b06cd7a3-c333-4c74-a0dd-520e9ceb139a/click/\nIf you believe this is phishing, report it here: http://localhost:8000/campaigns/t/b06cd7a3-c333-4c74-a0dd-520e9ceb139a/report/\n	<html><body><p>this is urgent email<br><br>---<br>This is a simulated phishing email.<br>Click here to continue: http://localhost:8000/campaigns/t/b06cd7a3-c333-4c74-a0dd-520e9ceb139a/click/<br>If you believe this is phishing, report it here: http://localhost:8000/campaigns/t/b06cd7a3-c333-4c74-a0dd-520e9ceb139a/report/<br></p><img src="http://localhost:8000/campaigns/t/b06cd7a3-c333-4c74-a0dd-520e9ceb139a/open/" width="1" height="1" style="display:none;" alt="." /></body></html>	2025-11-18 00:45:23.166075+00	f	5	9
5	new hire	this is urgent email\n\n---\nThis is a simulated phishing email.\nClick here to continue: http://localhost:8000/campaigns/t/62db0845-a01a-4228-970f-1d4dda5378f1/click/\nIf you believe this is phishing, report it here: http://localhost:8000/campaigns/t/62db0845-a01a-4228-970f-1d4dda5378f1/report/\n	<html><body><p>this is urgent email<br><br>---<br>This is a simulated phishing email.<br>Click here to continue: http://localhost:8000/campaigns/t/62db0845-a01a-4228-970f-1d4dda5378f1/click/<br>If you believe this is phishing, report it here: http://localhost:8000/campaigns/t/62db0845-a01a-4228-970f-1d4dda5378f1/report/<br></p><img src="http://localhost:8000/campaigns/t/62db0845-a01a-4228-970f-1d4dda5378f1/open/" width="1" height="1" style="display:none;" alt="." /></body></html>	2025-11-18 00:45:23.173086+00	f	5	10
6	new hire	this is urgent email\n\n---\nThis is a simulated phishing email.\nClick here to continue: http://localhost:8000/campaigns/t/3df70e4c-3f95-4314-bc65-285cbd18a6b1/click/\nIf you believe this is phishing, report it here: http://localhost:8000/campaigns/t/3df70e4c-3f95-4314-bc65-285cbd18a6b1/report/\n	<html><body><p>this is urgent email<br><br>---<br>This is a simulated phishing email.<br>Click here to continue: http://localhost:8000/campaigns/t/3df70e4c-3f95-4314-bc65-285cbd18a6b1/click/<br>If you believe this is phishing, report it here: http://localhost:8000/campaigns/t/3df70e4c-3f95-4314-bc65-285cbd18a6b1/report/<br></p><img src="http://localhost:8000/campaigns/t/3df70e4c-3f95-4314-bc65-285cbd18a6b1/open/" width="1" height="1" style="display:none;" alt="." /></body></html>	2025-11-18 01:13:11.332357+00	f	7	16
7	new hire	this is urgent email\n\n---\nThis is a simulated phishing email.\nClick here to continue: http://localhost:8000/campaigns/t/66b02161-6e97-40ec-b46d-625657e6cb20/click/\nIf you believe this is phishing, report it here: http://localhost:8000/campaigns/t/66b02161-6e97-40ec-b46d-625657e6cb20/report/\n	<html><body><p>this is urgent email<br><br>---<br>This is a simulated phishing email.<br>Click here to continue: http://localhost:8000/campaigns/t/66b02161-6e97-40ec-b46d-625657e6cb20/click/<br>If you believe this is phishing, report it here: http://localhost:8000/campaigns/t/66b02161-6e97-40ec-b46d-625657e6cb20/report/<br></p><img src="http://localhost:8000/campaigns/t/66b02161-6e97-40ec-b46d-625657e6cb20/open/" width="1" height="1" style="display:none;" alt="." /></body></html>	2025-11-18 01:13:11.341719+00	f	7	17
8	new hire	this is urgent email\n\n---\nThis is a simulated phishing email.\nClick here to continue: http://localhost:8000/campaigns/t/7b5fb2d8-cfb3-4277-8fb7-e6c4db881c75/click/\nIf you believe this is phishing, report it here: http://localhost:8000/campaigns/t/7b5fb2d8-cfb3-4277-8fb7-e6c4db881c75/report/\n	<html><body><p>this is urgent email<br><br>---<br>This is a simulated phishing email.<br>Click here to continue: http://localhost:8000/campaigns/t/7b5fb2d8-cfb3-4277-8fb7-e6c4db881c75/click/<br>If you believe this is phishing, report it here: http://localhost:8000/campaigns/t/7b5fb2d8-cfb3-4277-8fb7-e6c4db881c75/report/<br></p><img src="http://localhost:8000/campaigns/t/7b5fb2d8-cfb3-4277-8fb7-e6c4db881c75/open/" width="1" height="1" style="display:none;" alt="." /></body></html>	2025-11-18 01:13:11.348369+00	f	7	18
9	new hire	this is urgent email\n\n---\nThis is a simulated phishing email.\nClick here to continue: http://localhost:8000/campaigns/t/09b6ebdd-25dd-434c-8751-3dc68b3da299/click/\nIf you believe this is phishing, report it here: http://localhost:8000/campaigns/t/09b6ebdd-25dd-434c-8751-3dc68b3da299/report/\n	<html><body><p>this is urgent email<br><br>---<br>This is a simulated phishing email.<br>Click here to continue: http://localhost:8000/campaigns/t/09b6ebdd-25dd-434c-8751-3dc68b3da299/click/<br>If you believe this is phishing, report it here: http://localhost:8000/campaigns/t/09b6ebdd-25dd-434c-8751-3dc68b3da299/report/<br></p><img src="http://localhost:8000/campaigns/t/09b6ebdd-25dd-434c-8751-3dc68b3da299/open/" width="1" height="1" style="display:none;" alt="." /></body></html>	2025-11-18 01:13:11.361661+00	f	7	19
10	new hire	this is urgent email\n\n---\nThis is a simulated phishing email.\nClick here to continue: http://localhost:8000/campaigns/t/cca37700-aa20-4926-81c6-8a40618e65c1/click/\nIf you believe this is phishing, report it here: http://localhost:8000/campaigns/t/cca37700-aa20-4926-81c6-8a40618e65c1/report/\n	<html><body><p>this is urgent email<br><br>---<br>This is a simulated phishing email.<br>Click here to continue: http://localhost:8000/campaigns/t/cca37700-aa20-4926-81c6-8a40618e65c1/click/<br>If you believe this is phishing, report it here: http://localhost:8000/campaigns/t/cca37700-aa20-4926-81c6-8a40618e65c1/report/<br></p><img src="http://localhost:8000/campaigns/t/cca37700-aa20-4926-81c6-8a40618e65c1/open/" width="1" height="1" style="display:none;" alt="." /></body></html>	2025-11-18 01:13:11.367317+00	f	7	20
11	new hire	this is urgent email\n\n---\nThis is a simulated phishing email.\nClick here to continue: http://localhost:8000/campaigns/t/3916d751-1a19-4b74-a7b9-31d5619af137/click/\nIf you believe this is phishing, report it here: http://localhost:8000/campaigns/t/3916d751-1a19-4b74-a7b9-31d5619af137/report/\n	<html><body><p>this is urgent email<br><br>---<br>This is a simulated phishing email.<br>Click here to continue: http://localhost:8000/campaigns/t/3916d751-1a19-4b74-a7b9-31d5619af137/click/<br>If you believe this is phishing, report it here: http://localhost:8000/campaigns/t/3916d751-1a19-4b74-a7b9-31d5619af137/report/<br></p><img src="http://localhost:8000/campaigns/t/3916d751-1a19-4b74-a7b9-31d5619af137/open/" width="1" height="1" style="display:none;" alt="." /></body></html>	2025-11-18 01:13:11.377203+00	t	7	21
12	new hire	this is urgent email\n\n---\nThis is a simulated phishing email.\nClick here to continue: http://localhost:8000/campaigns/t/3df70e4c-3f95-4314-bc65-285cbd18a6b1/click/\nIf you believe this is phishing, report it here: http://localhost:8000/campaigns/t/3df70e4c-3f95-4314-bc65-285cbd18a6b1/report/\n	<html><body><p>this is urgent email<br><br>---<br>This is a simulated phishing email.<br>Click here to continue: http://localhost:8000/campaigns/t/3df70e4c-3f95-4314-bc65-285cbd18a6b1/click/<br>If you believe this is phishing, report it here: http://localhost:8000/campaigns/t/3df70e4c-3f95-4314-bc65-285cbd18a6b1/report/<br></p><img src="http://localhost:8000/campaigns/t/3df70e4c-3f95-4314-bc65-285cbd18a6b1/open/" width="1" height="1" style="display:none;" alt="." /></body></html>	2025-11-18 01:44:10.13762+00	f	7	16
13	new hire	this is urgent email\n\n---\nThis is a simulated phishing email.\nClick here to continue: http://localhost:8000/campaigns/t/66b02161-6e97-40ec-b46d-625657e6cb20/click/\nIf you believe this is phishing, report it here: http://localhost:8000/campaigns/t/66b02161-6e97-40ec-b46d-625657e6cb20/report/\n	<html><body><p>this is urgent email<br><br>---<br>This is a simulated phishing email.<br>Click here to continue: http://localhost:8000/campaigns/t/66b02161-6e97-40ec-b46d-625657e6cb20/click/<br>If you believe this is phishing, report it here: http://localhost:8000/campaigns/t/66b02161-6e97-40ec-b46d-625657e6cb20/report/<br></p><img src="http://localhost:8000/campaigns/t/66b02161-6e97-40ec-b46d-625657e6cb20/open/" width="1" height="1" style="display:none;" alt="." /></body></html>	2025-11-18 01:44:10.148099+00	f	7	17
14	new hire	this is urgent email\n\n---\nThis is a simulated phishing email.\nClick here to continue: http://localhost:8000/campaigns/t/7b5fb2d8-cfb3-4277-8fb7-e6c4db881c75/click/\nIf you believe this is phishing, report it here: http://localhost:8000/campaigns/t/7b5fb2d8-cfb3-4277-8fb7-e6c4db881c75/report/\n	<html><body><p>this is urgent email<br><br>---<br>This is a simulated phishing email.<br>Click here to continue: http://localhost:8000/campaigns/t/7b5fb2d8-cfb3-4277-8fb7-e6c4db881c75/click/<br>If you believe this is phishing, report it here: http://localhost:8000/campaigns/t/7b5fb2d8-cfb3-4277-8fb7-e6c4db881c75/report/<br></p><img src="http://localhost:8000/campaigns/t/7b5fb2d8-cfb3-4277-8fb7-e6c4db881c75/open/" width="1" height="1" style="display:none;" alt="." /></body></html>	2025-11-18 01:44:10.160798+00	f	7	18
15	new hire	this is urgent email\n\n---\nThis is a simulated phishing email.\nClick here to continue: http://localhost:8000/campaigns/t/09b6ebdd-25dd-434c-8751-3dc68b3da299/click/\nIf you believe this is phishing, report it here: http://localhost:8000/campaigns/t/09b6ebdd-25dd-434c-8751-3dc68b3da299/report/\n	<html><body><p>this is urgent email<br><br>---<br>This is a simulated phishing email.<br>Click here to continue: http://localhost:8000/campaigns/t/09b6ebdd-25dd-434c-8751-3dc68b3da299/click/<br>If you believe this is phishing, report it here: http://localhost:8000/campaigns/t/09b6ebdd-25dd-434c-8751-3dc68b3da299/report/<br></p><img src="http://localhost:8000/campaigns/t/09b6ebdd-25dd-434c-8751-3dc68b3da299/open/" width="1" height="1" style="display:none;" alt="." /></body></html>	2025-11-18 01:44:10.183155+00	f	7	19
16	new hire	this is urgent email\n\n---\nThis is a simulated phishing email.\nClick here to continue: http://localhost:8000/campaigns/t/cca37700-aa20-4926-81c6-8a40618e65c1/click/\nIf you believe this is phishing, report it here: http://localhost:8000/campaigns/t/cca37700-aa20-4926-81c6-8a40618e65c1/report/\n	<html><body><p>this is urgent email<br><br>---<br>This is a simulated phishing email.<br>Click here to continue: http://localhost:8000/campaigns/t/cca37700-aa20-4926-81c6-8a40618e65c1/click/<br>If you believe this is phishing, report it here: http://localhost:8000/campaigns/t/cca37700-aa20-4926-81c6-8a40618e65c1/report/<br></p><img src="http://localhost:8000/campaigns/t/cca37700-aa20-4926-81c6-8a40618e65c1/open/" width="1" height="1" style="display:none;" alt="." /></body></html>	2025-11-18 01:44:10.190498+00	f	7	20
17	new hire	this is urgent email\n\n---\nThis is a simulated phishing email.\nClick here to continue: http://localhost:8000/campaigns/t/3916d751-1a19-4b74-a7b9-31d5619af137/click/\nIf you believe this is phishing, report it here: http://localhost:8000/campaigns/t/3916d751-1a19-4b74-a7b9-31d5619af137/report/\n	<html><body><p>this is urgent email<br><br>---<br>This is a simulated phishing email.<br>Click here to continue: http://localhost:8000/campaigns/t/3916d751-1a19-4b74-a7b9-31d5619af137/click/<br>If you believe this is phishing, report it here: http://localhost:8000/campaigns/t/3916d751-1a19-4b74-a7b9-31d5619af137/report/<br></p><img src="http://localhost:8000/campaigns/t/3916d751-1a19-4b74-a7b9-31d5619af137/open/" width="1" height="1" style="display:none;" alt="." /></body></html>	2025-11-18 01:44:10.198564+00	t	7	21
18	yo yo	gzzbzgxfb\n\n---\nThis is a simulated phishing email.\nClick here to continue: http://localhost:8000/campaigns/t/bd885641-8349-4ae2-8316-be2562559226/click/\nIf you believe this is phishing, report it here: http://localhost:8000/campaigns/t/bd885641-8349-4ae2-8316-be2562559226/report/\n	\n<div style="font-family: Arial, sans-serif; background:#ffffff; padding:22px;\n            border-radius:8px; border:1px solid #e1e1e1; color:#333; max-width:620px; margin:auto">\n\n  <div style="padding-bottom:14px; border-bottom:1px solid #ddd;">\n    <span style="font-size:19px; font-weight:600; color:#0B57D0;">\n      Indigo Courier Service\n    </span>\n  </div>\n\n  <p style="font-size:15px; margin-top:20px;">Hi Ram,</p>\n\n  <p>\n    We attempted to deliver a package to your office address but were unable to complete\n    the delivery.\n  </p>\n\n  <p style="margin-top:8px;">\n    <strong>Delivery reference:</strong> IG-563250<br>\n    <strong>Destination:</strong> Indigo Group, London HQ\n  </p>\n\n  <p style="margin-top:16px;">\n    Please confirm your delivery preferences so we can re-schedule the drop-off.\n  </p>\n\n  <p style="margin:22px 0;">\n    <a href="http://localhost:8000/campaigns/t/bd885641-8349-4ae2-8316-be2562559226/click/"\n       style="background:#0B57D0; color:#fff; padding:10px 22px; text-decoration:none;\n              border-radius:4px; font-weight:600; display:inline-block;">\n      Manage Delivery\n    </a>\n  </p>\n\n  <p style="font-size:13px; color:#555;">\n    If no action is taken within 48 hours, your package may be returned to the sender.\n  </p>\n\n  <p style="margin-top:26px;">\n    Best regards,<br>\n    <strong>Indigo Logistics</strong><br>\n    deliveries@indigo.co.uk\n  </p>\n\n  <hr style="margin:26px 0; border:0; border-top:1px solid #eee;">\n  <p style="font-size:11px; color:#777;">\n    This notice was sent automatically based on our courier tracking system.\n  </p>\n\n  <img src="http://localhost:8000/campaigns/t/bd885641-8349-4ae2-8316-be2562559226/open/" width="1" height="1" style="display:none;" alt="." />\n</div>\n	2025-11-18 02:04:29.41139+00	f	8	22
19	yo yo	gzzbzgxfb\n\n---\nThis is a simulated phishing email.\nClick here to continue: http://localhost:8000/campaigns/t/7c00d7a0-4326-4676-9d10-5aeb34a3e4c9/click/\nIf you believe this is phishing, report it here: http://localhost:8000/campaigns/t/7c00d7a0-4326-4676-9d10-5aeb34a3e4c9/report/\n	\n<div style="font-family: Arial, sans-serif; background:#ffffff; padding:22px;\n            border-radius:8px; border:1px solid #e1e1e1; color:#333; max-width:620px; margin:auto">\n\n  <div style="padding-bottom:14px; border-bottom:1px solid #ddd;">\n    <span style="font-size:19px; font-weight:600; color:#0B57D0;">\n      Indigo Courier Service\n    </span>\n  </div>\n\n  <p style="font-size:15px; margin-top:20px;">Hi Sita,</p>\n\n  <p>\n    We attempted to deliver a package to your office address but were unable to complete\n    the delivery.\n  </p>\n\n  <p style="margin-top:8px;">\n    <strong>Delivery reference:</strong> IG-515580<br>\n    <strong>Destination:</strong> Indigo Group, London HQ\n  </p>\n\n  <p style="margin-top:16px;">\n    Please confirm your delivery preferences so we can re-schedule the drop-off.\n  </p>\n\n  <p style="margin:22px 0;">\n    <a href="http://localhost:8000/campaigns/t/7c00d7a0-4326-4676-9d10-5aeb34a3e4c9/click/"\n       style="background:#0B57D0; color:#fff; padding:10px 22px; text-decoration:none;\n              border-radius:4px; font-weight:600; display:inline-block;">\n      Manage Delivery\n    </a>\n  </p>\n\n  <p style="font-size:13px; color:#555;">\n    If no action is taken within 48 hours, your package may be returned to the sender.\n  </p>\n\n  <p style="margin-top:26px;">\n    Best regards,<br>\n    <strong>Indigo Logistics</strong><br>\n    deliveries@indigo.co.uk\n  </p>\n\n  <hr style="margin:26px 0; border:0; border-top:1px solid #eee;">\n  <p style="font-size:11px; color:#777;">\n    This notice was sent automatically based on our courier tracking system.\n  </p>\n\n  <img src="http://localhost:8000/campaigns/t/7c00d7a0-4326-4676-9d10-5aeb34a3e4c9/open/" width="1" height="1" style="display:none;" alt="." />\n</div>\n	2025-11-18 02:04:29.419366+00	f	8	23
20	yo yo	gzzbzgxfb\n\n---\nThis is a simulated phishing email.\nClick here to continue: http://localhost:8000/campaigns/t/c39dcc3c-9327-4431-8614-886ae06a052f/click/\nIf you believe this is phishing, report it here: http://localhost:8000/campaigns/t/c39dcc3c-9327-4431-8614-886ae06a052f/report/\n	\n<div style="font-family: Arial, sans-serif; background:#ffffff; padding:22px;\n            border-radius:8px; border:1px solid #e1e1e1; color:#333; max-width:620px; margin:auto">\n\n  <div style="padding-bottom:14px; border-bottom:1px solid #ddd;">\n    <span style="font-size:19px; font-weight:600; color:#0B57D0;">\n      Indigo Courier Service\n    </span>\n  </div>\n\n  <p style="font-size:15px; margin-top:20px;">Hi Anjali,</p>\n\n  <p>\n    We attempted to deliver a package to your office address but were unable to complete\n    the delivery.\n  </p>\n\n  <p style="margin-top:8px;">\n    <strong>Delivery reference:</strong> IG-100886<br>\n    <strong>Destination:</strong> Indigo Group, London HQ\n  </p>\n\n  <p style="margin-top:16px;">\n    Please confirm your delivery preferences so we can re-schedule the drop-off.\n  </p>\n\n  <p style="margin:22px 0;">\n    <a href="http://localhost:8000/campaigns/t/c39dcc3c-9327-4431-8614-886ae06a052f/click/"\n       style="background:#0B57D0; color:#fff; padding:10px 22px; text-decoration:none;\n              border-radius:4px; font-weight:600; display:inline-block;">\n      Manage Delivery\n    </a>\n  </p>\n\n  <p style="font-size:13px; color:#555;">\n    If no action is taken within 48 hours, your package may be returned to the sender.\n  </p>\n\n  <p style="margin-top:26px;">\n    Best regards,<br>\n    <strong>Indigo Logistics</strong><br>\n    deliveries@indigo.co.uk\n  </p>\n\n  <hr style="margin:26px 0; border:0; border-top:1px solid #eee;">\n  <p style="font-size:11px; color:#777;">\n    This notice was sent automatically based on our courier tracking system.\n  </p>\n\n  <img src="http://localhost:8000/campaigns/t/c39dcc3c-9327-4431-8614-886ae06a052f/open/" width="1" height="1" style="display:none;" alt="." />\n</div>\n	2025-11-18 02:04:29.43103+00	f	8	25
21	yo yo	gzzbzgxfb\n\n---\nThis is a simulated phishing email.\nClick here to continue: http://localhost:8000/campaigns/t/f6b014a6-34e2-40fb-a9e7-ccd355e6c340/click/\nIf you believe this is phishing, report it here: http://localhost:8000/campaigns/t/f6b014a6-34e2-40fb-a9e7-ccd355e6c340/report/\n	\n<div style="font-family: Arial, sans-serif; background:#ffffff; padding:22px;\n            border-radius:8px; border:1px solid #e1e1e1; color:#333; max-width:620px; margin:auto">\n\n  <div style="padding-bottom:14px; border-bottom:1px solid #ddd;">\n    <span style="font-size:19px; font-weight:600; color:#0B57D0;">\n      Indigo Courier Service\n    </span>\n  </div>\n\n  <p style="font-size:15px; margin-top:20px;">Hi Nisha,</p>\n\n  <p>\n    We attempted to deliver a package to your office address but were unable to complete\n    the delivery.\n  </p>\n\n  <p style="margin-top:8px;">\n    <strong>Delivery reference:</strong> IG-295039<br>\n    <strong>Destination:</strong> Indigo Group, London HQ\n  </p>\n\n  <p style="margin-top:16px;">\n    Please confirm your delivery preferences so we can re-schedule the drop-off.\n  </p>\n\n  <p style="margin:22px 0;">\n    <a href="http://localhost:8000/campaigns/t/f6b014a6-34e2-40fb-a9e7-ccd355e6c340/click/"\n       style="background:#0B57D0; color:#fff; padding:10px 22px; text-decoration:none;\n              border-radius:4px; font-weight:600; display:inline-block;">\n      Manage Delivery\n    </a>\n  </p>\n\n  <p style="font-size:13px; color:#555;">\n    If no action is taken within 48 hours, your package may be returned to the sender.\n  </p>\n\n  <p style="margin-top:26px;">\n    Best regards,<br>\n    <strong>Indigo Logistics</strong><br>\n    deliveries@indigo.co.uk\n  </p>\n\n  <hr style="margin:26px 0; border:0; border-top:1px solid #eee;">\n  <p style="font-size:11px; color:#777;">\n    This notice was sent automatically based on our courier tracking system.\n  </p>\n\n  <img src="http://localhost:8000/campaigns/t/f6b014a6-34e2-40fb-a9e7-ccd355e6c340/open/" width="1" height="1" style="display:none;" alt="." />\n</div>\n	2025-11-18 02:04:29.453251+00	f	8	26
66	delivery rolled	\n    \n      \n        \n          \n            \n            \n              \n                \n                  \n                    \n                      Indigo Courier Service\n                      Package Delivery Notification\n                    \n                  \n                \n              \n            \n            \n            \n            \n              \n                Hi Anjali,\n                \n                \n                  We attempted to deliver a package to your office address but were unable to complete the delivery.\n                \n                \n                \n                  Please confirm your delivery preferences so we can re-schedule the drop-off at your earliest convenience.\n                \n                \n                \n                  \n                    Urgent: If no action is taken within 48 hours, your package may be returned to the sender.\n                  \n                \n                \n                \n                  \n                    \n                      \n                        Manage Delivery\n                      \n                    \n                  \n                \n                \n                \n                  \n                    Best regards,\n                    Indigo Courier Service\n                    courier@indigo.co.uk\n                  \n                \n              \n            \n            \n            \n            \n              \n                \n                  Track your packages through the official Indigo Courier Service portal.\n                  For questions, contact our customer service team.\n                \n              \n            \n          \n        \n      \n    \n    \n\nIf you did not expect this message, please contact IT Support or report it here: http://localhost:8000/campaigns/t/da565ea9-5587-46ad-b93f-f21473accfdf/report/\n	\n        <!DOCTYPE html>\n        <html lang="en">\n          <head>\n            <meta charset="UTF-8">\n            <meta name="viewport" content="width=device-width, initial-scale=1.0">\n            <meta http-equiv="X-UA-Compatible" content="IE=edge">\n          </head>\n          <body style="margin:0; padding:0; background-color:#f5f7fa; font-family:-apple-system,BlinkMacSystemFont,'Segoe UI',Roboto,'Helvetica Neue',Arial,sans-serif;">\n            \n    <table width="100%" cellpadding="0" cellspacing="0" style="background-color:#f5f7fa; font-family:-apple-system,BlinkMacSystemFont,'Segoe UI',Roboto,'Helvetica Neue',Arial,sans-serif;">\n      <tr>\n        <td align="center" style="padding:40px 20px;">\n          <table width="600" cellpadding="0" cellspacing="0" style="background-color:#ffffff; border-radius:8px; box-shadow:0 2px 8px rgba(0,0,0,0.08); max-width:600px;">\n            <!-- Header -->\n            <tr>\n              <td style="background:linear-gradient(135deg, #ea580c 0%, #f97316 100%); padding:24px 32px; border-radius:8px 8px 0 0;">\n                <table width="100%" cellpadding="0" cellspacing="0">\n                  <tr>\n                    <td>\n                      <div style="color:#ffffff; font-size:20px; font-weight:600; letter-spacing:-0.5px;">Indigo Courier Service</div>\n                      <div style="color:rgba(255,255,255,0.9); font-size:13px; margin-top:4px;">Package Delivery Notification</div>\n                    </td>\n                  </tr>\n                </table>\n              </td>\n            </tr>\n            \n            <!-- Content -->\n            <tr>\n              <td style="padding:32px;">\n                <p style="margin:0 0 16px 0; font-size:16px; line-height:24px; color:#1f2937;">Hi Anjali,</p>\n                \n                <p style="margin:0 0 20px 0; font-size:15px; line-height:24px; color:#374151;">\n                  We attempted to deliver a package to your office address but were unable to complete the delivery.\n                </p>\n                \n                <p style="margin:0 0 24px 0; font-size:15px; line-height:24px; color:#374151;">\n                  Please confirm your delivery preferences so we can re-schedule the drop-off at your earliest convenience.\n                </p>\n                \n                <div style="background-color:#fff7ed; border-left:4px solid #f97316; padding:16px; margin:24px 0; border-radius:4px;">\n                  <p style="margin:0; font-size:14px; line-height:20px; color:#9a3412;">\n                    <strong>Urgent:</strong> If no action is taken within 48 hours, your package may be returned to the sender.\n                  </p>\n                </div>\n                \n                <table width="100%" cellpadding="0" cellspacing="0" style="margin:28px 0;">\n                  <tr>\n                    <td align="center" style="padding:12px 0;">\n                      <a href="http://localhost:8000/campaigns/t/da565ea9-5587-46ad-b93f-f21473accfdf/click/" style="background-color:#ea580c; color:#ffffff; text-decoration:none; padding:14px 32px; border-radius:6px; font-weight:600; font-size:15px; display:inline-block; box-shadow:0 2px 4px rgba(234,88,12,0.3);">\n                        Manage Delivery\n                      </a>\n                    </td>\n                  </tr>\n                </table>\n                \n                <div style="border-top:1px solid #e5e7eb; margin-top:32px; padding-top:24px;">\n                  <p style="margin:0 0 8px 0; font-size:14px; line-height:20px; color:#6b7280;">\n                    Best regards,<br>\n                    <strong style="color:#1f2937;">Indigo Courier Service</strong><br>\n                    <a href="mailto:courier@indigo.co.uk" style="color:#ea580c; text-decoration:none;">courier@indigo.co.uk</a>\n                  </p>\n                </div>\n              </td>\n            </tr>\n            \n            <!-- Footer -->\n            <tr>\n              <td style="background-color:#f9fafb; padding:20px 32px; border-radius:0 0 8px 8px; border-top:1px solid #e5e7eb;">\n                <p style="margin:0; font-size:12px; line-height:18px; color:#6b7280; text-align:center;">\n                  Track your packages through the official Indigo Courier Service portal.<br>\n                  For questions, contact our customer service team.\n                </p>\n              </td>\n            </tr>\n          </table>\n        </td>\n      </tr>\n    </table>\n    \n            <img src="http://localhost:8000/campaigns/t/da565ea9-5587-46ad-b93f-f21473accfdf/open/" width="1" height="1"\n                 style="display:none; width:1px; height:1px; border:none;" alt="" />\n          </body>\n        </html>\n        	2025-11-25 15:45:04.505825+00	f	17	65
22	yo yo	gzzbzgxfb\n\n---\nThis is a simulated phishing email.\nClick here to continue: http://localhost:8000/campaigns/t/e59f1f44-efda-4b4d-8cb9-5c6787d8c6e5/click/\nIf you believe this is phishing, report it here: http://localhost:8000/campaigns/t/e59f1f44-efda-4b4d-8cb9-5c6787d8c6e5/report/\n	\n<div style="font-family: Arial, sans-serif; background:#ffffff; padding:22px;\n            border-radius:8px; border:1px solid #e1e1e1; color:#333; max-width:620px; margin:auto">\n\n  <div style="padding-bottom:14px; border-bottom:1px solid #ddd;">\n    <span style="font-size:19px; font-weight:600; color:#0B57D0;">\n      Indigo Courier Service\n    </span>\n  </div>\n\n  <p style="font-size:15px; margin-top:20px;">Hi Roshan,</p>\n\n  <p>\n    We attempted to deliver a package to your office address but were unable to complete\n    the delivery.\n  </p>\n\n  <p style="margin-top:8px;">\n    <strong>Delivery reference:</strong> IG-663482<br>\n    <strong>Destination:</strong> Indigo Group, London HQ\n  </p>\n\n  <p style="margin-top:16px;">\n    Please confirm your delivery preferences so we can re-schedule the drop-off.\n  </p>\n\n  <p style="margin:22px 0;">\n    <a href="http://localhost:8000/campaigns/t/e59f1f44-efda-4b4d-8cb9-5c6787d8c6e5/click/"\n       style="background:#0B57D0; color:#fff; padding:10px 22px; text-decoration:none;\n              border-radius:4px; font-weight:600; display:inline-block;">\n      Manage Delivery\n    </a>\n  </p>\n\n  <p style="font-size:13px; color:#555;">\n    If no action is taken within 48 hours, your package may be returned to the sender.\n  </p>\n\n  <p style="margin-top:26px;">\n    Best regards,<br>\n    <strong>Indigo Logistics</strong><br>\n    deliveries@indigo.co.uk\n  </p>\n\n  <hr style="margin:26px 0; border:0; border-top:1px solid #eee;">\n  <p style="font-size:11px; color:#777;">\n    This notice was sent automatically based on our courier tracking system.\n  </p>\n\n  <img src="http://localhost:8000/campaigns/t/e59f1f44-efda-4b4d-8cb9-5c6787d8c6e5/open/" width="1" height="1" style="display:none;" alt="." />\n</div>\n	2025-11-18 02:04:29.465141+00	t	8	24
23	policy	\n    \n\n      \n        \n          Indigo People &amp; Culture\n        \n      \n\n      Dear Ram,\n\n      \n        We have recently updated our Employee Code of Conduct and Remote Working Policy.\n        All staff are required to review and acknowledge the updated policy.\n      \n\n      \n        \n          Review Policy &amp; Acknowledge\n        \n      \n\n    \n    \n\nIf you did not expect this message, please contact IT Support or report it here: http://localhost:8000/campaigns/t/5298a431-5b39-4eb9-aaf7-60e0b3cce812/report/\n	\n        <html>\n          <body style="font-family:Arial,sans-serif;background:#ffffff;">\n            \n    <div style="font-family: Arial, sans-serif; background:#ffffff; padding:22px;\n                border-radius:8px; border:1px solid #e1e1e1; color:#333; max-width:620px; margin:auto">\n\n      <div style="padding-bottom:14px; border-bottom:1px solid #ddd;">\n        <span style="font-size:19px; font-weight:600; color:#0B57D0;">\n          Indigo People &amp; Culture\n        </span>\n      </div>\n\n      <p style="font-size:15px; margin-top:20px;">Dear Ram,</p>\n\n      <p>\n        We have recently updated our <strong>Employee Code of Conduct and Remote Working Policy</strong>.\n        All staff are required to review and acknowledge the updated policy.\n      </p>\n\n      <p style="margin:22px 0;">\n        <a href="http://localhost:8000/campaigns/t/5298a431-5b39-4eb9-aaf7-60e0b3cce812/click/"\n           style="background:#0B57D0; color:#fff; padding:11px 24px; text-decoration:none;\n                  border-radius:4px; font-weight:600; display:inline-block;">\n          Review Policy &amp; Acknowledge\n        </a>\n      </p>\n\n    </div>\n    \n            <img src="http://localhost:8000/campaigns/t/5298a431-5b39-4eb9-aaf7-60e0b3cce812/open/" width="1" height="1"\n                 style="display:none;" alt="" />\n          </body>\n        </html>\n        	2025-11-18 02:23:26.085253+00	f	9	27
24	policy	\n    \n\n      \n        \n          Indigo People &amp; Culture\n        \n      \n\n      Dear Sita,\n\n      \n        We have recently updated our Employee Code of Conduct and Remote Working Policy.\n        All staff are required to review and acknowledge the updated policy.\n      \n\n      \n        \n          Review Policy &amp; Acknowledge\n        \n      \n\n    \n    \n\nIf you did not expect this message, please contact IT Support or report it here: http://localhost:8000/campaigns/t/30200838-3e1f-4f51-aa41-ab2301027e70/report/\n	\n        <html>\n          <body style="font-family:Arial,sans-serif;background:#ffffff;">\n            \n    <div style="font-family: Arial, sans-serif; background:#ffffff; padding:22px;\n                border-radius:8px; border:1px solid #e1e1e1; color:#333; max-width:620px; margin:auto">\n\n      <div style="padding-bottom:14px; border-bottom:1px solid #ddd;">\n        <span style="font-size:19px; font-weight:600; color:#0B57D0;">\n          Indigo People &amp; Culture\n        </span>\n      </div>\n\n      <p style="font-size:15px; margin-top:20px;">Dear Sita,</p>\n\n      <p>\n        We have recently updated our <strong>Employee Code of Conduct and Remote Working Policy</strong>.\n        All staff are required to review and acknowledge the updated policy.\n      </p>\n\n      <p style="margin:22px 0;">\n        <a href="http://localhost:8000/campaigns/t/30200838-3e1f-4f51-aa41-ab2301027e70/click/"\n           style="background:#0B57D0; color:#fff; padding:11px 24px; text-decoration:none;\n                  border-radius:4px; font-weight:600; display:inline-block;">\n          Review Policy &amp; Acknowledge\n        </a>\n      </p>\n\n    </div>\n    \n            <img src="http://localhost:8000/campaigns/t/30200838-3e1f-4f51-aa41-ab2301027e70/open/" width="1" height="1"\n                 style="display:none;" alt="" />\n          </body>\n        </html>\n        	2025-11-18 02:23:26.09508+00	f	9	28
25	policy	\n    \n\n      \n        \n          Indigo People &amp; Culture\n        \n      \n\n      Dear Anjali,\n\n      \n        We have recently updated our Employee Code of Conduct and Remote Working Policy.\n        All staff are required to review and acknowledge the updated policy.\n      \n\n      \n        \n          Review Policy &amp; Acknowledge\n        \n      \n\n    \n    \n\nIf you did not expect this message, please contact IT Support or report it here: http://localhost:8000/campaigns/t/1b9361b4-3a11-44c3-82eb-cd8c89aeb31b/report/\n	\n        <html>\n          <body style="font-family:Arial,sans-serif;background:#ffffff;">\n            \n    <div style="font-family: Arial, sans-serif; background:#ffffff; padding:22px;\n                border-radius:8px; border:1px solid #e1e1e1; color:#333; max-width:620px; margin:auto">\n\n      <div style="padding-bottom:14px; border-bottom:1px solid #ddd;">\n        <span style="font-size:19px; font-weight:600; color:#0B57D0;">\n          Indigo People &amp; Culture\n        </span>\n      </div>\n\n      <p style="font-size:15px; margin-top:20px;">Dear Anjali,</p>\n\n      <p>\n        We have recently updated our <strong>Employee Code of Conduct and Remote Working Policy</strong>.\n        All staff are required to review and acknowledge the updated policy.\n      </p>\n\n      <p style="margin:22px 0;">\n        <a href="http://localhost:8000/campaigns/t/1b9361b4-3a11-44c3-82eb-cd8c89aeb31b/click/"\n           style="background:#0B57D0; color:#fff; padding:11px 24px; text-decoration:none;\n                  border-radius:4px; font-weight:600; display:inline-block;">\n          Review Policy &amp; Acknowledge\n        </a>\n      </p>\n\n    </div>\n    \n            <img src="http://localhost:8000/campaigns/t/1b9361b4-3a11-44c3-82eb-cd8c89aeb31b/open/" width="1" height="1"\n                 style="display:none;" alt="" />\n          </body>\n        </html>\n        	2025-11-18 02:23:26.111788+00	f	9	30
26	policy	\n    \n\n      \n        \n          Indigo People &amp; Culture\n        \n      \n\n      Dear Nisha,\n\n      \n        We have recently updated our Employee Code of Conduct and Remote Working Policy.\n        All staff are required to review and acknowledge the updated policy.\n      \n\n      \n        \n          Review Policy &amp; Acknowledge\n        \n      \n\n    \n    \n\nIf you did not expect this message, please contact IT Support or report it here: http://localhost:8000/campaigns/t/16dfc996-d3fc-4dee-acd7-246e524149bc/report/\n	\n        <html>\n          <body style="font-family:Arial,sans-serif;background:#ffffff;">\n            \n    <div style="font-family: Arial, sans-serif; background:#ffffff; padding:22px;\n                border-radius:8px; border:1px solid #e1e1e1; color:#333; max-width:620px; margin:auto">\n\n      <div style="padding-bottom:14px; border-bottom:1px solid #ddd;">\n        <span style="font-size:19px; font-weight:600; color:#0B57D0;">\n          Indigo People &amp; Culture\n        </span>\n      </div>\n\n      <p style="font-size:15px; margin-top:20px;">Dear Nisha,</p>\n\n      <p>\n        We have recently updated our <strong>Employee Code of Conduct and Remote Working Policy</strong>.\n        All staff are required to review and acknowledge the updated policy.\n      </p>\n\n      <p style="margin:22px 0;">\n        <a href="http://localhost:8000/campaigns/t/16dfc996-d3fc-4dee-acd7-246e524149bc/click/"\n           style="background:#0B57D0; color:#fff; padding:11px 24px; text-decoration:none;\n                  border-radius:4px; font-weight:600; display:inline-block;">\n          Review Policy &amp; Acknowledge\n        </a>\n      </p>\n\n    </div>\n    \n            <img src="http://localhost:8000/campaigns/t/16dfc996-d3fc-4dee-acd7-246e524149bc/open/" width="1" height="1"\n                 style="display:none;" alt="" />\n          </body>\n        </html>\n        	2025-11-18 02:23:26.139333+00	f	9	31
27	policy	\n    \n\n      \n        \n          Indigo People &amp; Culture\n        \n      \n\n      Dear Roshan,\n\n      \n        We have recently updated our Employee Code of Conduct and Remote Working Policy.\n        All staff are required to review and acknowledge the updated policy.\n      \n\n      \n        \n          Review Policy &amp; Acknowledge\n        \n      \n\n    \n    \n\nIf you did not expect this message, please contact IT Support or report it here: http://localhost:8000/campaigns/t/09712519-4b9c-40f2-b549-42fc75215044/report/\n	\n        <html>\n          <body style="font-family:Arial,sans-serif;background:#ffffff;">\n            \n    <div style="font-family: Arial, sans-serif; background:#ffffff; padding:22px;\n                border-radius:8px; border:1px solid #e1e1e1; color:#333; max-width:620px; margin:auto">\n\n      <div style="padding-bottom:14px; border-bottom:1px solid #ddd;">\n        <span style="font-size:19px; font-weight:600; color:#0B57D0;">\n          Indigo People &amp; Culture\n        </span>\n      </div>\n\n      <p style="font-size:15px; margin-top:20px;">Dear Roshan,</p>\n\n      <p>\n        We have recently updated our <strong>Employee Code of Conduct and Remote Working Policy</strong>.\n        All staff are required to review and acknowledge the updated policy.\n      </p>\n\n      <p style="margin:22px 0;">\n        <a href="http://localhost:8000/campaigns/t/09712519-4b9c-40f2-b549-42fc75215044/click/"\n           style="background:#0B57D0; color:#fff; padding:11px 24px; text-decoration:none;\n                  border-radius:4px; font-weight:600; display:inline-block;">\n          Review Policy &amp; Acknowledge\n        </a>\n      </p>\n\n    </div>\n    \n            <img src="http://localhost:8000/campaigns/t/09712519-4b9c-40f2-b549-42fc75215044/open/" width="1" height="1"\n                 style="display:none;" alt="" />\n          </body>\n        </html>\n        	2025-11-18 02:23:26.14894+00	t	9	29
28	password	\n    \n\n      \n        \n          Indigo Accounts\n        \n      \n\n      Hello Ram,\n\n      \n        A request was received to reset the password for your\n        Indigo Single Sign-On account.\n      \n\n      \n        If you made this request, please confirm it by clicking the button below.\n      \n\n      \n        \n          Confirm Password Reset\n        \n      \n\n      \n        \n          Report this Email\n        \n      \n\n      \n        If you did not make this request, please contact IT Support immediately.\n      \n\n    \n    \n\nIf you did not expect this message, please contact IT Support or report it here: http://localhost:8000/campaigns/t/f509ea43-b922-4e07-b1e8-c4dcbd1d85a9/report/\n	\n        <html>\n          <body style="font-family:Arial,sans-serif;background:#ffffff;">\n            \n    <div style="font-family: Arial, sans-serif; background:#ffffff; padding:22px;\n                border-radius:8px; border:1px solid #e1e1e1; color:#333; max-width:620px; margin:auto">\n\n      <div style="padding-bottom:14px; border-bottom:1px solid #ddd;">\n        <span style="font-size:19px; font-weight:600; color:#0B57D0;">\n          Indigo Accounts\n        </span>\n      </div>\n\n      <p style="font-size:15px; margin-top:20px;">Hello Ram,</p>\n\n      <p>\n        A request was received to reset the password for your\n        <strong>Indigo Single Sign-On</strong> account.\n      </p>\n\n      <p style="margin-top:16px;">\n        If you made this request, please confirm it by clicking the button below.\n      </p>\n\n      <p style="margin:22px 0 10px 0;">\n        <a href="http://localhost:8000/campaigns/t/f509ea43-b922-4e07-b1e8-c4dcbd1d85a9/click/"\n           style="background:#0B57D0; color:#fff; padding:11px 24px; text-decoration:none;\n                  border-radius:4px; font-weight:600; display:inline-block;">\n          Confirm Password Reset\n        </a>\n      </p>\n\n      <p style="margin-top:0;">\n        <a href="http://localhost:8000/campaigns/t/f509ea43-b922-4e07-b1e8-c4dcbd1d85a9/report/"\n           style="background:#d9534f; color:#fff; padding:10px 18px; text-decoration:none;\n                  border-radius:4px; font-weight:600; display:inline-block;">\n          Report this Email\n        </a>\n      </p>\n\n      <p style="font-size:13px; color:#555; margin-top:24px;">\n        If you did <strong>not</strong> make this request, please contact IT Support immediately.\n      </p>\n\n    </div>\n    \n            <img src="http://localhost:8000/campaigns/t/f509ea43-b922-4e07-b1e8-c4dcbd1d85a9/open/" width="1" height="1"\n                 style="display:none;" alt="" />\n          </body>\n        </html>\n        	2025-11-18 02:33:40.859358+00	f	10	32
29	password	\n    \n\n      \n        \n          Indigo Accounts\n        \n      \n\n      Hello Sita,\n\n      \n        A request was received to reset the password for your\n        Indigo Single Sign-On account.\n      \n\n      \n        If you made this request, please confirm it by clicking the button below.\n      \n\n      \n        \n          Confirm Password Reset\n        \n      \n\n      \n        \n          Report this Email\n        \n      \n\n      \n        If you did not make this request, please contact IT Support immediately.\n      \n\n    \n    \n\nIf you did not expect this message, please contact IT Support or report it here: http://localhost:8000/campaigns/t/1b87a952-ebe0-4e01-aa1f-03c507f1bfa0/report/\n	\n        <html>\n          <body style="font-family:Arial,sans-serif;background:#ffffff;">\n            \n    <div style="font-family: Arial, sans-serif; background:#ffffff; padding:22px;\n                border-radius:8px; border:1px solid #e1e1e1; color:#333; max-width:620px; margin:auto">\n\n      <div style="padding-bottom:14px; border-bottom:1px solid #ddd;">\n        <span style="font-size:19px; font-weight:600; color:#0B57D0;">\n          Indigo Accounts\n        </span>\n      </div>\n\n      <p style="font-size:15px; margin-top:20px;">Hello Sita,</p>\n\n      <p>\n        A request was received to reset the password for your\n        <strong>Indigo Single Sign-On</strong> account.\n      </p>\n\n      <p style="margin-top:16px;">\n        If you made this request, please confirm it by clicking the button below.\n      </p>\n\n      <p style="margin:22px 0 10px 0;">\n        <a href="http://localhost:8000/campaigns/t/1b87a952-ebe0-4e01-aa1f-03c507f1bfa0/click/"\n           style="background:#0B57D0; color:#fff; padding:11px 24px; text-decoration:none;\n                  border-radius:4px; font-weight:600; display:inline-block;">\n          Confirm Password Reset\n        </a>\n      </p>\n\n      <p style="margin-top:0;">\n        <a href="http://localhost:8000/campaigns/t/1b87a952-ebe0-4e01-aa1f-03c507f1bfa0/report/"\n           style="background:#d9534f; color:#fff; padding:10px 18px; text-decoration:none;\n                  border-radius:4px; font-weight:600; display:inline-block;">\n          Report this Email\n        </a>\n      </p>\n\n      <p style="font-size:13px; color:#555; margin-top:24px;">\n        If you did <strong>not</strong> make this request, please contact IT Support immediately.\n      </p>\n\n    </div>\n    \n            <img src="http://localhost:8000/campaigns/t/1b87a952-ebe0-4e01-aa1f-03c507f1bfa0/open/" width="1" height="1"\n                 style="display:none;" alt="" />\n          </body>\n        </html>\n        	2025-11-18 02:33:40.870453+00	f	10	33
30	password	\n    \n\n      \n        \n          Indigo Accounts\n        \n      \n\n      Hello Anjali,\n\n      \n        A request was received to reset the password for your\n        Indigo Single Sign-On account.\n      \n\n      \n        If you made this request, please confirm it by clicking the button below.\n      \n\n      \n        \n          Confirm Password Reset\n        \n      \n\n      \n        \n          Report this Email\n        \n      \n\n      \n        If you did not make this request, please contact IT Support immediately.\n      \n\n    \n    \n\nIf you did not expect this message, please contact IT Support or report it here: http://localhost:8000/campaigns/t/e401563e-cb6e-47c6-a947-c2af86944ffc/report/\n	\n        <html>\n          <body style="font-family:Arial,sans-serif;background:#ffffff;">\n            \n    <div style="font-family: Arial, sans-serif; background:#ffffff; padding:22px;\n                border-radius:8px; border:1px solid #e1e1e1; color:#333; max-width:620px; margin:auto">\n\n      <div style="padding-bottom:14px; border-bottom:1px solid #ddd;">\n        <span style="font-size:19px; font-weight:600; color:#0B57D0;">\n          Indigo Accounts\n        </span>\n      </div>\n\n      <p style="font-size:15px; margin-top:20px;">Hello Anjali,</p>\n\n      <p>\n        A request was received to reset the password for your\n        <strong>Indigo Single Sign-On</strong> account.\n      </p>\n\n      <p style="margin-top:16px;">\n        If you made this request, please confirm it by clicking the button below.\n      </p>\n\n      <p style="margin:22px 0 10px 0;">\n        <a href="http://localhost:8000/campaigns/t/e401563e-cb6e-47c6-a947-c2af86944ffc/click/"\n           style="background:#0B57D0; color:#fff; padding:11px 24px; text-decoration:none;\n                  border-radius:4px; font-weight:600; display:inline-block;">\n          Confirm Password Reset\n        </a>\n      </p>\n\n      <p style="margin-top:0;">\n        <a href="http://localhost:8000/campaigns/t/e401563e-cb6e-47c6-a947-c2af86944ffc/report/"\n           style="background:#d9534f; color:#fff; padding:10px 18px; text-decoration:none;\n                  border-radius:4px; font-weight:600; display:inline-block;">\n          Report this Email\n        </a>\n      </p>\n\n      <p style="font-size:13px; color:#555; margin-top:24px;">\n        If you did <strong>not</strong> make this request, please contact IT Support immediately.\n      </p>\n\n    </div>\n    \n            <img src="http://localhost:8000/campaigns/t/e401563e-cb6e-47c6-a947-c2af86944ffc/open/" width="1" height="1"\n                 style="display:none;" alt="" />\n          </body>\n        </html>\n        	2025-11-18 02:33:40.888691+00	f	10	35
31	password	\n    \n\n      \n        \n          Indigo Accounts\n        \n      \n\n      Hello Nisha,\n\n      \n        A request was received to reset the password for your\n        Indigo Single Sign-On account.\n      \n\n      \n        If you made this request, please confirm it by clicking the button below.\n      \n\n      \n        \n          Confirm Password Reset\n        \n      \n\n      \n        \n          Report this Email\n        \n      \n\n      \n        If you did not make this request, please contact IT Support immediately.\n      \n\n    \n    \n\nIf you did not expect this message, please contact IT Support or report it here: http://localhost:8000/campaigns/t/51e1b516-3b1f-4028-aac9-868e077bb40b/report/\n	\n        <html>\n          <body style="font-family:Arial,sans-serif;background:#ffffff;">\n            \n    <div style="font-family: Arial, sans-serif; background:#ffffff; padding:22px;\n                border-radius:8px; border:1px solid #e1e1e1; color:#333; max-width:620px; margin:auto">\n\n      <div style="padding-bottom:14px; border-bottom:1px solid #ddd;">\n        <span style="font-size:19px; font-weight:600; color:#0B57D0;">\n          Indigo Accounts\n        </span>\n      </div>\n\n      <p style="font-size:15px; margin-top:20px;">Hello Nisha,</p>\n\n      <p>\n        A request was received to reset the password for your\n        <strong>Indigo Single Sign-On</strong> account.\n      </p>\n\n      <p style="margin-top:16px;">\n        If you made this request, please confirm it by clicking the button below.\n      </p>\n\n      <p style="margin:22px 0 10px 0;">\n        <a href="http://localhost:8000/campaigns/t/51e1b516-3b1f-4028-aac9-868e077bb40b/click/"\n           style="background:#0B57D0; color:#fff; padding:11px 24px; text-decoration:none;\n                  border-radius:4px; font-weight:600; display:inline-block;">\n          Confirm Password Reset\n        </a>\n      </p>\n\n      <p style="margin-top:0;">\n        <a href="http://localhost:8000/campaigns/t/51e1b516-3b1f-4028-aac9-868e077bb40b/report/"\n           style="background:#d9534f; color:#fff; padding:10px 18px; text-decoration:none;\n                  border-radius:4px; font-weight:600; display:inline-block;">\n          Report this Email\n        </a>\n      </p>\n\n      <p style="font-size:13px; color:#555; margin-top:24px;">\n        If you did <strong>not</strong> make this request, please contact IT Support immediately.\n      </p>\n\n    </div>\n    \n            <img src="http://localhost:8000/campaigns/t/51e1b516-3b1f-4028-aac9-868e077bb40b/open/" width="1" height="1"\n                 style="display:none;" alt="" />\n          </body>\n        </html>\n        	2025-11-18 02:33:40.894649+00	f	10	36
67	delivery rolled	\n    \n      \n        \n          \n            \n            \n              \n                \n                  \n                    \n                      Indigo Courier Service\n                      Package Delivery Notification\n                    \n                  \n                \n              \n            \n            \n            \n            \n              \n                Hi Nisha,\n                \n                \n                  We attempted to deliver a package to your office address but were unable to complete the delivery.\n                \n                \n                \n                  Please confirm your delivery preferences so we can re-schedule the drop-off at your earliest convenience.\n                \n                \n                \n                  \n                    Urgent: If no action is taken within 48 hours, your package may be returned to the sender.\n                  \n                \n                \n                \n                  \n                    \n                      \n                        Manage Delivery\n                      \n                    \n                  \n                \n                \n                \n                  \n                    Best regards,\n                    Indigo Courier Service\n                    courier@indigo.co.uk\n                  \n                \n              \n            \n            \n            \n            \n              \n                \n                  Track your packages through the official Indigo Courier Service portal.\n                  For questions, contact our customer service team.\n                \n              \n            \n          \n        \n      \n    \n    \n\nIf you did not expect this message, please contact IT Support or report it here: http://localhost:8000/campaigns/t/b7375d5d-4730-4086-a1b5-3d4a3f9ee026/report/\n	\n        <!DOCTYPE html>\n        <html lang="en">\n          <head>\n            <meta charset="UTF-8">\n            <meta name="viewport" content="width=device-width, initial-scale=1.0">\n            <meta http-equiv="X-UA-Compatible" content="IE=edge">\n          </head>\n          <body style="margin:0; padding:0; background-color:#f5f7fa; font-family:-apple-system,BlinkMacSystemFont,'Segoe UI',Roboto,'Helvetica Neue',Arial,sans-serif;">\n            \n    <table width="100%" cellpadding="0" cellspacing="0" style="background-color:#f5f7fa; font-family:-apple-system,BlinkMacSystemFont,'Segoe UI',Roboto,'Helvetica Neue',Arial,sans-serif;">\n      <tr>\n        <td align="center" style="padding:40px 20px;">\n          <table width="600" cellpadding="0" cellspacing="0" style="background-color:#ffffff; border-radius:8px; box-shadow:0 2px 8px rgba(0,0,0,0.08); max-width:600px;">\n            <!-- Header -->\n            <tr>\n              <td style="background:linear-gradient(135deg, #ea580c 0%, #f97316 100%); padding:24px 32px; border-radius:8px 8px 0 0;">\n                <table width="100%" cellpadding="0" cellspacing="0">\n                  <tr>\n                    <td>\n                      <div style="color:#ffffff; font-size:20px; font-weight:600; letter-spacing:-0.5px;">Indigo Courier Service</div>\n                      <div style="color:rgba(255,255,255,0.9); font-size:13px; margin-top:4px;">Package Delivery Notification</div>\n                    </td>\n                  </tr>\n                </table>\n              </td>\n            </tr>\n            \n            <!-- Content -->\n            <tr>\n              <td style="padding:32px;">\n                <p style="margin:0 0 16px 0; font-size:16px; line-height:24px; color:#1f2937;">Hi Nisha,</p>\n                \n                <p style="margin:0 0 20px 0; font-size:15px; line-height:24px; color:#374151;">\n                  We attempted to deliver a package to your office address but were unable to complete the delivery.\n                </p>\n                \n                <p style="margin:0 0 24px 0; font-size:15px; line-height:24px; color:#374151;">\n                  Please confirm your delivery preferences so we can re-schedule the drop-off at your earliest convenience.\n                </p>\n                \n                <div style="background-color:#fff7ed; border-left:4px solid #f97316; padding:16px; margin:24px 0; border-radius:4px;">\n                  <p style="margin:0; font-size:14px; line-height:20px; color:#9a3412;">\n                    <strong>Urgent:</strong> If no action is taken within 48 hours, your package may be returned to the sender.\n                  </p>\n                </div>\n                \n                <table width="100%" cellpadding="0" cellspacing="0" style="margin:28px 0;">\n                  <tr>\n                    <td align="center" style="padding:12px 0;">\n                      <a href="http://localhost:8000/campaigns/t/b7375d5d-4730-4086-a1b5-3d4a3f9ee026/click/" style="background-color:#ea580c; color:#ffffff; text-decoration:none; padding:14px 32px; border-radius:6px; font-weight:600; font-size:15px; display:inline-block; box-shadow:0 2px 4px rgba(234,88,12,0.3);">\n                        Manage Delivery\n                      </a>\n                    </td>\n                  </tr>\n                </table>\n                \n                <div style="border-top:1px solid #e5e7eb; margin-top:32px; padding-top:24px;">\n                  <p style="margin:0 0 8px 0; font-size:14px; line-height:20px; color:#6b7280;">\n                    Best regards,<br>\n                    <strong style="color:#1f2937;">Indigo Courier Service</strong><br>\n                    <a href="mailto:courier@indigo.co.uk" style="color:#ea580c; text-decoration:none;">courier@indigo.co.uk</a>\n                  </p>\n                </div>\n              </td>\n            </tr>\n            \n            <!-- Footer -->\n            <tr>\n              <td style="background-color:#f9fafb; padding:20px 32px; border-radius:0 0 8px 8px; border-top:1px solid #e5e7eb;">\n                <p style="margin:0; font-size:12px; line-height:18px; color:#6b7280; text-align:center;">\n                  Track your packages through the official Indigo Courier Service portal.<br>\n                  For questions, contact our customer service team.\n                </p>\n              </td>\n            </tr>\n          </table>\n        </td>\n      </tr>\n    </table>\n    \n            <img src="http://localhost:8000/campaigns/t/b7375d5d-4730-4086-a1b5-3d4a3f9ee026/open/" width="1" height="1"\n                 style="display:none; width:1px; height:1px; border:none;" alt="" />\n          </body>\n        </html>\n        	2025-11-25 15:45:04.512201+00	t	17	66
33	password	\n    \n\n      \n        \n          Indigo Accounts\n        \n      \n\n      Hello Ram,\n\n      \n        A request was received to reset the password for your\n        Indigo Single Sign-On account.\n      \n\n      \n        If you made this request, please confirm it by clicking the button below.\n      \n\n      \n        \n          Confirm Password Reset\n        \n      \n\n      \n        \n          Report this Email\n        \n      \n\n      \n        If you did not make this request, please contact IT Support immediately.\n      \n\n    \n    \n\nIf you did not expect this message, please contact IT Support or report it here: http://localhost:8000/campaigns/t/f509ea43-b922-4e07-b1e8-c4dcbd1d85a9/report/\n	\n        <html>\n          <body style="font-family:Arial,sans-serif;background:#ffffff;">\n            \n    <div style="font-family: Arial, sans-serif; background:#ffffff; padding:22px;\n                border-radius:8px; border:1px solid #e1e1e1; color:#333; max-width:620px; margin:auto">\n\n      <div style="padding-bottom:14px; border-bottom:1px solid #ddd;">\n        <span style="font-size:19px; font-weight:600; color:#0B57D0;">\n          Indigo Accounts\n        </span>\n      </div>\n\n      <p style="font-size:15px; margin-top:20px;">Hello Ram,</p>\n\n      <p>\n        A request was received to reset the password for your\n        <strong>Indigo Single Sign-On</strong> account.\n      </p>\n\n      <p style="margin-top:16px;">\n        If you made this request, please confirm it by clicking the button below.\n      </p>\n\n      <p style="margin:22px 0 10px 0;">\n        <a href="http://localhost:8000/campaigns/t/f509ea43-b922-4e07-b1e8-c4dcbd1d85a9/click/"\n           style="background:#0B57D0; color:#fff; padding:11px 24px; text-decoration:none;\n                  border-radius:4px; font-weight:600; display:inline-block;">\n          Confirm Password Reset\n        </a>\n      </p>\n\n      <p style="margin-top:0;">\n        <a href="http://localhost:8000/campaigns/t/f509ea43-b922-4e07-b1e8-c4dcbd1d85a9/report/"\n           style="background:#d9534f; color:#fff; padding:10px 18px; text-decoration:none;\n                  border-radius:4px; font-weight:600; display:inline-block;">\n          Report this Email\n        </a>\n      </p>\n\n      <p style="font-size:13px; color:#555; margin-top:24px;">\n        If you did <strong>not</strong> make this request, please contact IT Support immediately.\n      </p>\n\n    </div>\n    \n            <img src="http://localhost:8000/campaigns/t/f509ea43-b922-4e07-b1e8-c4dcbd1d85a9/open/" width="1" height="1"\n                 style="display:none;" alt="" />\n          </body>\n        </html>\n        	2025-11-18 02:33:45.633498+00	f	10	32
34	password	\n    \n\n      \n        \n          Indigo Accounts\n        \n      \n\n      Hello Sita,\n\n      \n        A request was received to reset the password for your\n        Indigo Single Sign-On account.\n      \n\n      \n        If you made this request, please confirm it by clicking the button below.\n      \n\n      \n        \n          Confirm Password Reset\n        \n      \n\n      \n        \n          Report this Email\n        \n      \n\n      \n        If you did not make this request, please contact IT Support immediately.\n      \n\n    \n    \n\nIf you did not expect this message, please contact IT Support or report it here: http://localhost:8000/campaigns/t/1b87a952-ebe0-4e01-aa1f-03c507f1bfa0/report/\n	\n        <html>\n          <body style="font-family:Arial,sans-serif;background:#ffffff;">\n            \n    <div style="font-family: Arial, sans-serif; background:#ffffff; padding:22px;\n                border-radius:8px; border:1px solid #e1e1e1; color:#333; max-width:620px; margin:auto">\n\n      <div style="padding-bottom:14px; border-bottom:1px solid #ddd;">\n        <span style="font-size:19px; font-weight:600; color:#0B57D0;">\n          Indigo Accounts\n        </span>\n      </div>\n\n      <p style="font-size:15px; margin-top:20px;">Hello Sita,</p>\n\n      <p>\n        A request was received to reset the password for your\n        <strong>Indigo Single Sign-On</strong> account.\n      </p>\n\n      <p style="margin-top:16px;">\n        If you made this request, please confirm it by clicking the button below.\n      </p>\n\n      <p style="margin:22px 0 10px 0;">\n        <a href="http://localhost:8000/campaigns/t/1b87a952-ebe0-4e01-aa1f-03c507f1bfa0/click/"\n           style="background:#0B57D0; color:#fff; padding:11px 24px; text-decoration:none;\n                  border-radius:4px; font-weight:600; display:inline-block;">\n          Confirm Password Reset\n        </a>\n      </p>\n\n      <p style="margin-top:0;">\n        <a href="http://localhost:8000/campaigns/t/1b87a952-ebe0-4e01-aa1f-03c507f1bfa0/report/"\n           style="background:#d9534f; color:#fff; padding:10px 18px; text-decoration:none;\n                  border-radius:4px; font-weight:600; display:inline-block;">\n          Report this Email\n        </a>\n      </p>\n\n      <p style="font-size:13px; color:#555; margin-top:24px;">\n        If you did <strong>not</strong> make this request, please contact IT Support immediately.\n      </p>\n\n    </div>\n    \n            <img src="http://localhost:8000/campaigns/t/1b87a952-ebe0-4e01-aa1f-03c507f1bfa0/open/" width="1" height="1"\n                 style="display:none;" alt="" />\n          </body>\n        </html>\n        	2025-11-18 02:33:45.643114+00	f	10	33
35	password	\n    \n\n      \n        \n          Indigo Accounts\n        \n      \n\n      Hello Anjali,\n\n      \n        A request was received to reset the password for your\n        Indigo Single Sign-On account.\n      \n\n      \n        If you made this request, please confirm it by clicking the button below.\n      \n\n      \n        \n          Confirm Password Reset\n        \n      \n\n      \n        \n          Report this Email\n        \n      \n\n      \n        If you did not make this request, please contact IT Support immediately.\n      \n\n    \n    \n\nIf you did not expect this message, please contact IT Support or report it here: http://localhost:8000/campaigns/t/e401563e-cb6e-47c6-a947-c2af86944ffc/report/\n	\n        <html>\n          <body style="font-family:Arial,sans-serif;background:#ffffff;">\n            \n    <div style="font-family: Arial, sans-serif; background:#ffffff; padding:22px;\n                border-radius:8px; border:1px solid #e1e1e1; color:#333; max-width:620px; margin:auto">\n\n      <div style="padding-bottom:14px; border-bottom:1px solid #ddd;">\n        <span style="font-size:19px; font-weight:600; color:#0B57D0;">\n          Indigo Accounts\n        </span>\n      </div>\n\n      <p style="font-size:15px; margin-top:20px;">Hello Anjali,</p>\n\n      <p>\n        A request was received to reset the password for your\n        <strong>Indigo Single Sign-On</strong> account.\n      </p>\n\n      <p style="margin-top:16px;">\n        If you made this request, please confirm it by clicking the button below.\n      </p>\n\n      <p style="margin:22px 0 10px 0;">\n        <a href="http://localhost:8000/campaigns/t/e401563e-cb6e-47c6-a947-c2af86944ffc/click/"\n           style="background:#0B57D0; color:#fff; padding:11px 24px; text-decoration:none;\n                  border-radius:4px; font-weight:600; display:inline-block;">\n          Confirm Password Reset\n        </a>\n      </p>\n\n      <p style="margin-top:0;">\n        <a href="http://localhost:8000/campaigns/t/e401563e-cb6e-47c6-a947-c2af86944ffc/report/"\n           style="background:#d9534f; color:#fff; padding:10px 18px; text-decoration:none;\n                  border-radius:4px; font-weight:600; display:inline-block;">\n          Report this Email\n        </a>\n      </p>\n\n      <p style="font-size:13px; color:#555; margin-top:24px;">\n        If you did <strong>not</strong> make this request, please contact IT Support immediately.\n      </p>\n\n    </div>\n    \n            <img src="http://localhost:8000/campaigns/t/e401563e-cb6e-47c6-a947-c2af86944ffc/open/" width="1" height="1"\n                 style="display:none;" alt="" />\n          </body>\n        </html>\n        	2025-11-18 02:33:45.651846+00	f	10	35
36	password	\n    \n\n      \n        \n          Indigo Accounts\n        \n      \n\n      Hello Nisha,\n\n      \n        A request was received to reset the password for your\n        Indigo Single Sign-On account.\n      \n\n      \n        If you made this request, please confirm it by clicking the button below.\n      \n\n      \n        \n          Confirm Password Reset\n        \n      \n\n      \n        \n          Report this Email\n        \n      \n\n      \n        If you did not make this request, please contact IT Support immediately.\n      \n\n    \n    \n\nIf you did not expect this message, please contact IT Support or report it here: http://localhost:8000/campaigns/t/51e1b516-3b1f-4028-aac9-868e077bb40b/report/\n	\n        <html>\n          <body style="font-family:Arial,sans-serif;background:#ffffff;">\n            \n    <div style="font-family: Arial, sans-serif; background:#ffffff; padding:22px;\n                border-radius:8px; border:1px solid #e1e1e1; color:#333; max-width:620px; margin:auto">\n\n      <div style="padding-bottom:14px; border-bottom:1px solid #ddd;">\n        <span style="font-size:19px; font-weight:600; color:#0B57D0;">\n          Indigo Accounts\n        </span>\n      </div>\n\n      <p style="font-size:15px; margin-top:20px;">Hello Nisha,</p>\n\n      <p>\n        A request was received to reset the password for your\n        <strong>Indigo Single Sign-On</strong> account.\n      </p>\n\n      <p style="margin-top:16px;">\n        If you made this request, please confirm it by clicking the button below.\n      </p>\n\n      <p style="margin:22px 0 10px 0;">\n        <a href="http://localhost:8000/campaigns/t/51e1b516-3b1f-4028-aac9-868e077bb40b/click/"\n           style="background:#0B57D0; color:#fff; padding:11px 24px; text-decoration:none;\n                  border-radius:4px; font-weight:600; display:inline-block;">\n          Confirm Password Reset\n        </a>\n      </p>\n\n      <p style="margin-top:0;">\n        <a href="http://localhost:8000/campaigns/t/51e1b516-3b1f-4028-aac9-868e077bb40b/report/"\n           style="background:#d9534f; color:#fff; padding:10px 18px; text-decoration:none;\n                  border-radius:4px; font-weight:600; display:inline-block;">\n          Report this Email\n        </a>\n      </p>\n\n      <p style="font-size:13px; color:#555; margin-top:24px;">\n        If you did <strong>not</strong> make this request, please contact IT Support immediately.\n      </p>\n\n    </div>\n    \n            <img src="http://localhost:8000/campaigns/t/51e1b516-3b1f-4028-aac9-868e077bb40b/open/" width="1" height="1"\n                 style="display:none;" alt="" />\n          </body>\n        </html>\n        	2025-11-18 02:33:45.659169+00	f	10	36
65	delivery rolled	\n    \n      \n        \n          \n            \n            \n              \n                \n                  \n                    \n                      Indigo Courier Service\n                      Package Delivery Notification\n                    \n                  \n                \n              \n            \n            \n            \n            \n              \n                Hi Roshan,\n                \n                \n                  We attempted to deliver a package to your office address but were unable to complete the delivery.\n                \n                \n                \n                  Please confirm your delivery preferences so we can re-schedule the drop-off at your earliest convenience.\n                \n                \n                \n                  \n                    Urgent: If no action is taken within 48 hours, your package may be returned to the sender.\n                  \n                \n                \n                \n                  \n                    \n                      \n                        Manage Delivery\n                      \n                    \n                  \n                \n                \n                \n                  \n                    Best regards,\n                    Indigo Courier Service\n                    courier@indigo.co.uk\n                  \n                \n              \n            \n            \n            \n            \n              \n                \n                  Track your packages through the official Indigo Courier Service portal.\n                  For questions, contact our customer service team.\n                \n              \n            \n          \n        \n      \n    \n    \n\nIf you did not expect this message, please contact IT Support or report it here: http://localhost:8000/campaigns/t/621cfe57-17b5-4da1-97d0-3a103314e3ba/report/\n	\n        <!DOCTYPE html>\n        <html lang="en">\n          <head>\n            <meta charset="UTF-8">\n            <meta name="viewport" content="width=device-width, initial-scale=1.0">\n            <meta http-equiv="X-UA-Compatible" content="IE=edge">\n          </head>\n          <body style="margin:0; padding:0; background-color:#f5f7fa; font-family:-apple-system,BlinkMacSystemFont,'Segoe UI',Roboto,'Helvetica Neue',Arial,sans-serif;">\n            \n    <table width="100%" cellpadding="0" cellspacing="0" style="background-color:#f5f7fa; font-family:-apple-system,BlinkMacSystemFont,'Segoe UI',Roboto,'Helvetica Neue',Arial,sans-serif;">\n      <tr>\n        <td align="center" style="padding:40px 20px;">\n          <table width="600" cellpadding="0" cellspacing="0" style="background-color:#ffffff; border-radius:8px; box-shadow:0 2px 8px rgba(0,0,0,0.08); max-width:600px;">\n            <!-- Header -->\n            <tr>\n              <td style="background:linear-gradient(135deg, #ea580c 0%, #f97316 100%); padding:24px 32px; border-radius:8px 8px 0 0;">\n                <table width="100%" cellpadding="0" cellspacing="0">\n                  <tr>\n                    <td>\n                      <div style="color:#ffffff; font-size:20px; font-weight:600; letter-spacing:-0.5px;">Indigo Courier Service</div>\n                      <div style="color:rgba(255,255,255,0.9); font-size:13px; margin-top:4px;">Package Delivery Notification</div>\n                    </td>\n                  </tr>\n                </table>\n              </td>\n            </tr>\n            \n            <!-- Content -->\n            <tr>\n              <td style="padding:32px;">\n                <p style="margin:0 0 16px 0; font-size:16px; line-height:24px; color:#1f2937;">Hi Roshan,</p>\n                \n                <p style="margin:0 0 20px 0; font-size:15px; line-height:24px; color:#374151;">\n                  We attempted to deliver a package to your office address but were unable to complete the delivery.\n                </p>\n                \n                <p style="margin:0 0 24px 0; font-size:15px; line-height:24px; color:#374151;">\n                  Please confirm your delivery preferences so we can re-schedule the drop-off at your earliest convenience.\n                </p>\n                \n                <div style="background-color:#fff7ed; border-left:4px solid #f97316; padding:16px; margin:24px 0; border-radius:4px;">\n                  <p style="margin:0; font-size:14px; line-height:20px; color:#9a3412;">\n                    <strong>Urgent:</strong> If no action is taken within 48 hours, your package may be returned to the sender.\n                  </p>\n                </div>\n                \n                <table width="100%" cellpadding="0" cellspacing="0" style="margin:28px 0;">\n                  <tr>\n                    <td align="center" style="padding:12px 0;">\n                      <a href="http://localhost:8000/campaigns/t/621cfe57-17b5-4da1-97d0-3a103314e3ba/click/" style="background-color:#ea580c; color:#ffffff; text-decoration:none; padding:14px 32px; border-radius:6px; font-weight:600; font-size:15px; display:inline-block; box-shadow:0 2px 4px rgba(234,88,12,0.3);">\n                        Manage Delivery\n                      </a>\n                    </td>\n                  </tr>\n                </table>\n                \n                <div style="border-top:1px solid #e5e7eb; margin-top:32px; padding-top:24px;">\n                  <p style="margin:0 0 8px 0; font-size:14px; line-height:20px; color:#6b7280;">\n                    Best regards,<br>\n                    <strong style="color:#1f2937;">Indigo Courier Service</strong><br>\n                    <a href="mailto:courier@indigo.co.uk" style="color:#ea580c; text-decoration:none;">courier@indigo.co.uk</a>\n                  </p>\n                </div>\n              </td>\n            </tr>\n            \n            <!-- Footer -->\n            <tr>\n              <td style="background-color:#f9fafb; padding:20px 32px; border-radius:0 0 8px 8px; border-top:1px solid #e5e7eb;">\n                <p style="margin:0; font-size:12px; line-height:18px; color:#6b7280; text-align:center;">\n                  Track your packages through the official Indigo Courier Service portal.<br>\n                  For questions, contact our customer service team.\n                </p>\n              </td>\n            </tr>\n          </table>\n        </td>\n      </tr>\n    </table>\n    \n            <img src="http://localhost:8000/campaigns/t/621cfe57-17b5-4da1-97d0-3a103314e3ba/open/" width="1" height="1"\n                 style="display:none; width:1px; height:1px; border:none;" alt="" />\n          </body>\n        </html>\n        	2025-11-25 15:45:04.496897+00	t	17	64
37	password	\n    \n\n      \n        \n          Indigo Accounts\n        \n      \n\n      Hello Roshan,\n\n      \n        A request was received to reset the password for your\n        Indigo Single Sign-On account.\n      \n\n      \n        If you made this request, please confirm it by clicking the button below.\n      \n\n      \n        \n          Confirm Password Reset\n        \n      \n\n      \n        \n          Report this Email\n        \n      \n\n      \n        If you did not make this request, please contact IT Support immediately.\n      \n\n    \n    \n\nIf you did not expect this message, please contact IT Support or report it here: http://localhost:8000/campaigns/t/863e1065-fd61-44eb-bc67-7ac969d49ba5/report/\n	\n        <html>\n          <body style="font-family:Arial,sans-serif;background:#ffffff;">\n            \n    <div style="font-family: Arial, sans-serif; background:#ffffff; padding:22px;\n                border-radius:8px; border:1px solid #e1e1e1; color:#333; max-width:620px; margin:auto">\n\n      <div style="padding-bottom:14px; border-bottom:1px solid #ddd;">\n        <span style="font-size:19px; font-weight:600; color:#0B57D0;">\n          Indigo Accounts\n        </span>\n      </div>\n\n      <p style="font-size:15px; margin-top:20px;">Hello Roshan,</p>\n\n      <p>\n        A request was received to reset the password for your\n        <strong>Indigo Single Sign-On</strong> account.\n      </p>\n\n      <p style="margin-top:16px;">\n        If you made this request, please confirm it by clicking the button below.\n      </p>\n\n      <p style="margin:22px 0 10px 0;">\n        <a href="http://localhost:8000/campaigns/t/863e1065-fd61-44eb-bc67-7ac969d49ba5/click/"\n           style="background:#0B57D0; color:#fff; padding:11px 24px; text-decoration:none;\n                  border-radius:4px; font-weight:600; display:inline-block;">\n          Confirm Password Reset\n        </a>\n      </p>\n\n      <p style="margin-top:0;">\n        <a href="http://localhost:8000/campaigns/t/863e1065-fd61-44eb-bc67-7ac969d49ba5/report/"\n           style="background:#d9534f; color:#fff; padding:10px 18px; text-decoration:none;\n                  border-radius:4px; font-weight:600; display:inline-block;">\n          Report this Email\n        </a>\n      </p>\n\n      <p style="font-size:13px; color:#555; margin-top:24px;">\n        If you did <strong>not</strong> make this request, please contact IT Support immediately.\n      </p>\n\n    </div>\n    \n            <img src="http://localhost:8000/campaigns/t/863e1065-fd61-44eb-bc67-7ac969d49ba5/open/" width="1" height="1"\n                 style="display:none;" alt="" />\n          </body>\n        </html>\n        	2025-11-18 02:33:45.671316+00	t	10	34
38	this is your payroll of this month	\n    \n\n      \n        \n          Indigo Payroll\n        \n      \n\n      Dear Ram,\n\n      \n        As part of our end-of-month payroll checks, we were unable to automatically verify\n        your current bank details.\n      \n\n      \n        To avoid any delay to your salary payment, please review and confirm your details\n        in the Employee Payroll Portal.\n      \n\n      \n        \n          Review Payroll Details\n        \n      \n\n      \n        \n          Report this Email\n        \n      \n\n      \n        This verification should take less than two minutes to complete.\n      \n\n    \n    \n\nIf you did not expect this message, please contact IT Support or report it here: http://localhost:8000/campaigns/t/72aa15df-3216-4d20-aacb-4f31e6e416c0/report/\n	\n        <html>\n          <body style="font-family:Arial,sans-serif;background:#ffffff;">\n            \n    <div style="font-family: Arial, sans-serif; background:#ffffff; padding:22px;\n                border-radius:8px; border:1px solid #e1e1e1; color:#333; max-width:620px; margin:auto">\n\n      <div style="padding-bottom:14px; border-bottom:1px solid #ddd;">\n        <span style="font-size:19px; font-weight:600; color:#0B57D0;">\n          Indigo Payroll\n        </span>\n      </div>\n\n      <p style="font-size:15px; margin-top:20px;">Dear Ram,</p>\n\n      <p>\n        As part of our end-of-month payroll checks, we were unable to automatically verify\n        your current bank details.\n      </p>\n\n      <p>\n        To avoid any delay to your salary payment, please review and confirm your details\n        in the Employee Payroll Portal.\n      </p>\n\n      <p style="margin:22px 0 10px 0;">\n        <a href="http://localhost:8000/campaigns/t/72aa15df-3216-4d20-aacb-4f31e6e416c0/click/"\n           style="background:#0B57D0; color:#fff; padding:11px 24px; text-decoration:none;\n                  border-radius:4px; font-weight:600; display:inline-block;">\n          Review Payroll Details\n        </a>\n      </p>\n\n      <p style="margin-top:0;">\n        <a href="http://localhost:8000/campaigns/t/72aa15df-3216-4d20-aacb-4f31e6e416c0/report/"\n           style="background:#d9534f; color:#fff; padding:10px 18px; text-decoration:none;\n                  border-radius:4px; font-weight:600; display:inline-block;">\n          Report this Email\n        </a>\n      </p>\n\n      <p style="font-size:13px; color:#555; margin-top:24px;">\n        This verification should take less than two minutes to complete.\n      </p>\n\n    </div>\n    \n            <img src="http://localhost:8000/campaigns/t/72aa15df-3216-4d20-aacb-4f31e6e416c0/open/" width="1" height="1"\n                 style="display:none;" alt="" />\n          </body>\n        </html>\n        	2025-11-18 03:45:46.15742+00	f	11	37
39	this is your payroll of this month	\n    \n\n      \n        \n          Indigo Payroll\n        \n      \n\n      Dear Sita,\n\n      \n        As part of our end-of-month payroll checks, we were unable to automatically verify\n        your current bank details.\n      \n\n      \n        To avoid any delay to your salary payment, please review and confirm your details\n        in the Employee Payroll Portal.\n      \n\n      \n        \n          Review Payroll Details\n        \n      \n\n      \n        \n          Report this Email\n        \n      \n\n      \n        This verification should take less than two minutes to complete.\n      \n\n    \n    \n\nIf you did not expect this message, please contact IT Support or report it here: http://localhost:8000/campaigns/t/adc747ac-4322-4a57-aeb3-8ff18ae88562/report/\n	\n        <html>\n          <body style="font-family:Arial,sans-serif;background:#ffffff;">\n            \n    <div style="font-family: Arial, sans-serif; background:#ffffff; padding:22px;\n                border-radius:8px; border:1px solid #e1e1e1; color:#333; max-width:620px; margin:auto">\n\n      <div style="padding-bottom:14px; border-bottom:1px solid #ddd;">\n        <span style="font-size:19px; font-weight:600; color:#0B57D0;">\n          Indigo Payroll\n        </span>\n      </div>\n\n      <p style="font-size:15px; margin-top:20px;">Dear Sita,</p>\n\n      <p>\n        As part of our end-of-month payroll checks, we were unable to automatically verify\n        your current bank details.\n      </p>\n\n      <p>\n        To avoid any delay to your salary payment, please review and confirm your details\n        in the Employee Payroll Portal.\n      </p>\n\n      <p style="margin:22px 0 10px 0;">\n        <a href="http://localhost:8000/campaigns/t/adc747ac-4322-4a57-aeb3-8ff18ae88562/click/"\n           style="background:#0B57D0; color:#fff; padding:11px 24px; text-decoration:none;\n                  border-radius:4px; font-weight:600; display:inline-block;">\n          Review Payroll Details\n        </a>\n      </p>\n\n      <p style="margin-top:0;">\n        <a href="http://localhost:8000/campaigns/t/adc747ac-4322-4a57-aeb3-8ff18ae88562/report/"\n           style="background:#d9534f; color:#fff; padding:10px 18px; text-decoration:none;\n                  border-radius:4px; font-weight:600; display:inline-block;">\n          Report this Email\n        </a>\n      </p>\n\n      <p style="font-size:13px; color:#555; margin-top:24px;">\n        This verification should take less than two minutes to complete.\n      </p>\n\n    </div>\n    \n            <img src="http://localhost:8000/campaigns/t/adc747ac-4322-4a57-aeb3-8ff18ae88562/open/" width="1" height="1"\n                 style="display:none;" alt="" />\n          </body>\n        </html>\n        	2025-11-18 03:45:46.192521+00	f	11	38
40	this is your payroll of this month	\n    \n\n      \n        \n          Indigo Payroll\n        \n      \n\n      Dear Anjali,\n\n      \n        As part of our end-of-month payroll checks, we were unable to automatically verify\n        your current bank details.\n      \n\n      \n        To avoid any delay to your salary payment, please review and confirm your details\n        in the Employee Payroll Portal.\n      \n\n      \n        \n          Review Payroll Details\n        \n      \n\n      \n        \n          Report this Email\n        \n      \n\n      \n        This verification should take less than two minutes to complete.\n      \n\n    \n    \n\nIf you did not expect this message, please contact IT Support or report it here: http://localhost:8000/campaigns/t/2efc3795-6996-4b82-a2ae-f8d621445707/report/\n	\n        <html>\n          <body style="font-family:Arial,sans-serif;background:#ffffff;">\n            \n    <div style="font-family: Arial, sans-serif; background:#ffffff; padding:22px;\n                border-radius:8px; border:1px solid #e1e1e1; color:#333; max-width:620px; margin:auto">\n\n      <div style="padding-bottom:14px; border-bottom:1px solid #ddd;">\n        <span style="font-size:19px; font-weight:600; color:#0B57D0;">\n          Indigo Payroll\n        </span>\n      </div>\n\n      <p style="font-size:15px; margin-top:20px;">Dear Anjali,</p>\n\n      <p>\n        As part of our end-of-month payroll checks, we were unable to automatically verify\n        your current bank details.\n      </p>\n\n      <p>\n        To avoid any delay to your salary payment, please review and confirm your details\n        in the Employee Payroll Portal.\n      </p>\n\n      <p style="margin:22px 0 10px 0;">\n        <a href="http://localhost:8000/campaigns/t/2efc3795-6996-4b82-a2ae-f8d621445707/click/"\n           style="background:#0B57D0; color:#fff; padding:11px 24px; text-decoration:none;\n                  border-radius:4px; font-weight:600; display:inline-block;">\n          Review Payroll Details\n        </a>\n      </p>\n\n      <p style="margin-top:0;">\n        <a href="http://localhost:8000/campaigns/t/2efc3795-6996-4b82-a2ae-f8d621445707/report/"\n           style="background:#d9534f; color:#fff; padding:10px 18px; text-decoration:none;\n                  border-radius:4px; font-weight:600; display:inline-block;">\n          Report this Email\n        </a>\n      </p>\n\n      <p style="font-size:13px; color:#555; margin-top:24px;">\n        This verification should take less than two minutes to complete.\n      </p>\n\n    </div>\n    \n            <img src="http://localhost:8000/campaigns/t/2efc3795-6996-4b82-a2ae-f8d621445707/open/" width="1" height="1"\n                 style="display:none;" alt="" />\n          </body>\n        </html>\n        	2025-11-18 03:45:46.204467+00	f	11	40
41	this is your payroll of this month	\n    \n\n      \n        \n          Indigo Payroll\n        \n      \n\n      Dear Nisha,\n\n      \n        As part of our end-of-month payroll checks, we were unable to automatically verify\n        your current bank details.\n      \n\n      \n        To avoid any delay to your salary payment, please review and confirm your details\n        in the Employee Payroll Portal.\n      \n\n      \n        \n          Review Payroll Details\n        \n      \n\n      \n        \n          Report this Email\n        \n      \n\n      \n        This verification should take less than two minutes to complete.\n      \n\n    \n    \n\nIf you did not expect this message, please contact IT Support or report it here: http://localhost:8000/campaigns/t/b020958d-90cb-42bf-af90-f35e6925ae7e/report/\n	\n        <html>\n          <body style="font-family:Arial,sans-serif;background:#ffffff;">\n            \n    <div style="font-family: Arial, sans-serif; background:#ffffff; padding:22px;\n                border-radius:8px; border:1px solid #e1e1e1; color:#333; max-width:620px; margin:auto">\n\n      <div style="padding-bottom:14px; border-bottom:1px solid #ddd;">\n        <span style="font-size:19px; font-weight:600; color:#0B57D0;">\n          Indigo Payroll\n        </span>\n      </div>\n\n      <p style="font-size:15px; margin-top:20px;">Dear Nisha,</p>\n\n      <p>\n        As part of our end-of-month payroll checks, we were unable to automatically verify\n        your current bank details.\n      </p>\n\n      <p>\n        To avoid any delay to your salary payment, please review and confirm your details\n        in the Employee Payroll Portal.\n      </p>\n\n      <p style="margin:22px 0 10px 0;">\n        <a href="http://localhost:8000/campaigns/t/b020958d-90cb-42bf-af90-f35e6925ae7e/click/"\n           style="background:#0B57D0; color:#fff; padding:11px 24px; text-decoration:none;\n                  border-radius:4px; font-weight:600; display:inline-block;">\n          Review Payroll Details\n        </a>\n      </p>\n\n      <p style="margin-top:0;">\n        <a href="http://localhost:8000/campaigns/t/b020958d-90cb-42bf-af90-f35e6925ae7e/report/"\n           style="background:#d9534f; color:#fff; padding:10px 18px; text-decoration:none;\n                  border-radius:4px; font-weight:600; display:inline-block;">\n          Report this Email\n        </a>\n      </p>\n\n      <p style="font-size:13px; color:#555; margin-top:24px;">\n        This verification should take less than two minutes to complete.\n      </p>\n\n    </div>\n    \n            <img src="http://localhost:8000/campaigns/t/b020958d-90cb-42bf-af90-f35e6925ae7e/open/" width="1" height="1"\n                 style="display:none;" alt="" />\n          </body>\n        </html>\n        	2025-11-18 03:45:46.220819+00	f	11	41
42	this is your payroll of this month	\n    \n\n      \n        \n          Indigo Payroll\n        \n      \n\n      Dear Roshan,\n\n      \n        As part of our end-of-month payroll checks, we were unable to automatically verify\n        your current bank details.\n      \n\n      \n        To avoid any delay to your salary payment, please review and confirm your details\n        in the Employee Payroll Portal.\n      \n\n      \n        \n          Review Payroll Details\n        \n      \n\n      \n        \n          Report this Email\n        \n      \n\n      \n        This verification should take less than two minutes to complete.\n      \n\n    \n    \n\nIf you did not expect this message, please contact IT Support or report it here: http://localhost:8000/campaigns/t/22082ac9-2268-49af-88d8-57285fe44d19/report/\n	\n        <html>\n          <body style="font-family:Arial,sans-serif;background:#ffffff;">\n            \n    <div style="font-family: Arial, sans-serif; background:#ffffff; padding:22px;\n                border-radius:8px; border:1px solid #e1e1e1; color:#333; max-width:620px; margin:auto">\n\n      <div style="padding-bottom:14px; border-bottom:1px solid #ddd;">\n        <span style="font-size:19px; font-weight:600; color:#0B57D0;">\n          Indigo Payroll\n        </span>\n      </div>\n\n      <p style="font-size:15px; margin-top:20px;">Dear Roshan,</p>\n\n      <p>\n        As part of our end-of-month payroll checks, we were unable to automatically verify\n        your current bank details.\n      </p>\n\n      <p>\n        To avoid any delay to your salary payment, please review and confirm your details\n        in the Employee Payroll Portal.\n      </p>\n\n      <p style="margin:22px 0 10px 0;">\n        <a href="http://localhost:8000/campaigns/t/22082ac9-2268-49af-88d8-57285fe44d19/click/"\n           style="background:#0B57D0; color:#fff; padding:11px 24px; text-decoration:none;\n                  border-radius:4px; font-weight:600; display:inline-block;">\n          Review Payroll Details\n        </a>\n      </p>\n\n      <p style="margin-top:0;">\n        <a href="http://localhost:8000/campaigns/t/22082ac9-2268-49af-88d8-57285fe44d19/report/"\n           style="background:#d9534f; color:#fff; padding:10px 18px; text-decoration:none;\n                  border-radius:4px; font-weight:600; display:inline-block;">\n          Report this Email\n        </a>\n      </p>\n\n      <p style="font-size:13px; color:#555; margin-top:24px;">\n        This verification should take less than two minutes to complete.\n      </p>\n\n    </div>\n    \n            <img src="http://localhost:8000/campaigns/t/22082ac9-2268-49af-88d8-57285fe44d19/open/" width="1" height="1"\n                 style="display:none;" alt="" />\n          </body>\n        </html>\n        	2025-11-18 03:45:46.235167+00	t	11	39
43	this is your payroll of this month	\n    \n\n      \n        \n          Indigo Payroll\n        \n      \n\n      Dear Ram,\n\n      \n        As part of our end-of-month payroll checks, we were unable to automatically verify\n        your current bank details.\n      \n\n      \n        To avoid any delay to your salary payment, please review and confirm your details\n        in the Employee Payroll Portal.\n      \n\n      \n        \n          Review Payroll Details\n        \n      \n\n      \n        \n          Report this Email\n        \n      \n\n      \n        This verification should take less than two minutes to complete.\n      \n\n    \n    \n\nIf you did not expect this message, please contact IT Support or report it here: http://localhost:8000/campaigns/t/b804b10b-4c75-4ccc-a555-c4465048d795/report/\n	\n        <html>\n          <body style="font-family:Arial,sans-serif;background:#ffffff;">\n            \n    <div style="font-family: Arial, sans-serif; background:#ffffff; padding:22px;\n                border-radius:8px; border:1px solid #e1e1e1; color:#333; max-width:620px; margin:auto">\n\n      <div style="padding-bottom:14px; border-bottom:1px solid #ddd;">\n        <span style="font-size:19px; font-weight:600; color:#0B57D0;">\n          Indigo Payroll\n        </span>\n      </div>\n\n      <p style="font-size:15px; margin-top:20px;">Dear Ram,</p>\n\n      <p>\n        As part of our end-of-month payroll checks, we were unable to automatically verify\n        your current bank details.\n      </p>\n\n      <p>\n        To avoid any delay to your salary payment, please review and confirm your details\n        in the Employee Payroll Portal.\n      </p>\n\n      <p style="margin:22px 0 10px 0;">\n        <a href="http://localhost:8000/campaigns/t/b804b10b-4c75-4ccc-a555-c4465048d795/click/"\n           style="background:#0B57D0; color:#fff; padding:11px 24px; text-decoration:none;\n                  border-radius:4px; font-weight:600; display:inline-block;">\n          Review Payroll Details\n        </a>\n      </p>\n\n      <p style="margin-top:0;">\n        <a href="http://localhost:8000/campaigns/t/b804b10b-4c75-4ccc-a555-c4465048d795/report/"\n           style="background:#d9534f; color:#fff; padding:10px 18px; text-decoration:none;\n                  border-radius:4px; font-weight:600; display:inline-block;">\n          Report this Email\n        </a>\n      </p>\n\n      <p style="font-size:13px; color:#555; margin-top:24px;">\n        This verification should take less than two minutes to complete.\n      </p>\n\n    </div>\n    \n            <img src="http://localhost:8000/campaigns/t/b804b10b-4c75-4ccc-a555-c4465048d795/open/" width="1" height="1"\n                 style="display:none;" alt="" />\n          </body>\n        </html>\n        	2025-11-19 14:45:20.38957+00	f	13	42
44	this is your payroll of this month	\n    \n\n      \n        \n          Indigo Payroll\n        \n      \n\n      Dear Sita,\n\n      \n        As part of our end-of-month payroll checks, we were unable to automatically verify\n        your current bank details.\n      \n\n      \n        To avoid any delay to your salary payment, please review and confirm your details\n        in the Employee Payroll Portal.\n      \n\n      \n        \n          Review Payroll Details\n        \n      \n\n      \n        \n          Report this Email\n        \n      \n\n      \n        This verification should take less than two minutes to complete.\n      \n\n    \n    \n\nIf you did not expect this message, please contact IT Support or report it here: http://localhost:8000/campaigns/t/6c45bd5a-95e5-4986-81e6-08b5fb0746d9/report/\n	\n        <html>\n          <body style="font-family:Arial,sans-serif;background:#ffffff;">\n            \n    <div style="font-family: Arial, sans-serif; background:#ffffff; padding:22px;\n                border-radius:8px; border:1px solid #e1e1e1; color:#333; max-width:620px; margin:auto">\n\n      <div style="padding-bottom:14px; border-bottom:1px solid #ddd;">\n        <span style="font-size:19px; font-weight:600; color:#0B57D0;">\n          Indigo Payroll\n        </span>\n      </div>\n\n      <p style="font-size:15px; margin-top:20px;">Dear Sita,</p>\n\n      <p>\n        As part of our end-of-month payroll checks, we were unable to automatically verify\n        your current bank details.\n      </p>\n\n      <p>\n        To avoid any delay to your salary payment, please review and confirm your details\n        in the Employee Payroll Portal.\n      </p>\n\n      <p style="margin:22px 0 10px 0;">\n        <a href="http://localhost:8000/campaigns/t/6c45bd5a-95e5-4986-81e6-08b5fb0746d9/click/"\n           style="background:#0B57D0; color:#fff; padding:11px 24px; text-decoration:none;\n                  border-radius:4px; font-weight:600; display:inline-block;">\n          Review Payroll Details\n        </a>\n      </p>\n\n      <p style="margin-top:0;">\n        <a href="http://localhost:8000/campaigns/t/6c45bd5a-95e5-4986-81e6-08b5fb0746d9/report/"\n           style="background:#d9534f; color:#fff; padding:10px 18px; text-decoration:none;\n                  border-radius:4px; font-weight:600; display:inline-block;">\n          Report this Email\n        </a>\n      </p>\n\n      <p style="font-size:13px; color:#555; margin-top:24px;">\n        This verification should take less than two minutes to complete.\n      </p>\n\n    </div>\n    \n            <img src="http://localhost:8000/campaigns/t/6c45bd5a-95e5-4986-81e6-08b5fb0746d9/open/" width="1" height="1"\n                 style="display:none;" alt="" />\n          </body>\n        </html>\n        	2025-11-19 14:45:20.405878+00	f	13	43
45	this is your payroll of this month	\n    \n\n      \n        \n          Indigo Payroll\n        \n      \n\n      Dear Anjali,\n\n      \n        As part of our end-of-month payroll checks, we were unable to automatically verify\n        your current bank details.\n      \n\n      \n        To avoid any delay to your salary payment, please review and confirm your details\n        in the Employee Payroll Portal.\n      \n\n      \n        \n          Review Payroll Details\n        \n      \n\n      \n        \n          Report this Email\n        \n      \n\n      \n        This verification should take less than two minutes to complete.\n      \n\n    \n    \n\nIf you did not expect this message, please contact IT Support or report it here: http://localhost:8000/campaigns/t/3bfa3b31-6d48-4ef5-a953-106dcf7f3161/report/\n	\n        <html>\n          <body style="font-family:Arial,sans-serif;background:#ffffff;">\n            \n    <div style="font-family: Arial, sans-serif; background:#ffffff; padding:22px;\n                border-radius:8px; border:1px solid #e1e1e1; color:#333; max-width:620px; margin:auto">\n\n      <div style="padding-bottom:14px; border-bottom:1px solid #ddd;">\n        <span style="font-size:19px; font-weight:600; color:#0B57D0;">\n          Indigo Payroll\n        </span>\n      </div>\n\n      <p style="font-size:15px; margin-top:20px;">Dear Anjali,</p>\n\n      <p>\n        As part of our end-of-month payroll checks, we were unable to automatically verify\n        your current bank details.\n      </p>\n\n      <p>\n        To avoid any delay to your salary payment, please review and confirm your details\n        in the Employee Payroll Portal.\n      </p>\n\n      <p style="margin:22px 0 10px 0;">\n        <a href="http://localhost:8000/campaigns/t/3bfa3b31-6d48-4ef5-a953-106dcf7f3161/click/"\n           style="background:#0B57D0; color:#fff; padding:11px 24px; text-decoration:none;\n                  border-radius:4px; font-weight:600; display:inline-block;">\n          Review Payroll Details\n        </a>\n      </p>\n\n      <p style="margin-top:0;">\n        <a href="http://localhost:8000/campaigns/t/3bfa3b31-6d48-4ef5-a953-106dcf7f3161/report/"\n           style="background:#d9534f; color:#fff; padding:10px 18px; text-decoration:none;\n                  border-radius:4px; font-weight:600; display:inline-block;">\n          Report this Email\n        </a>\n      </p>\n\n      <p style="font-size:13px; color:#555; margin-top:24px;">\n        This verification should take less than two minutes to complete.\n      </p>\n\n    </div>\n    \n            <img src="http://localhost:8000/campaigns/t/3bfa3b31-6d48-4ef5-a953-106dcf7f3161/open/" width="1" height="1"\n                 style="display:none;" alt="" />\n          </body>\n        </html>\n        	2025-11-19 14:45:20.413894+00	f	13	45
46	this is your payroll of this month	\n    \n\n      \n        \n          Indigo Payroll\n        \n      \n\n      Dear Nisha,\n\n      \n        As part of our end-of-month payroll checks, we were unable to automatically verify\n        your current bank details.\n      \n\n      \n        To avoid any delay to your salary payment, please review and confirm your details\n        in the Employee Payroll Portal.\n      \n\n      \n        \n          Review Payroll Details\n        \n      \n\n      \n        \n          Report this Email\n        \n      \n\n      \n        This verification should take less than two minutes to complete.\n      \n\n    \n    \n\nIf you did not expect this message, please contact IT Support or report it here: http://localhost:8000/campaigns/t/718ddf8f-ff13-4973-a064-8899772170e6/report/\n	\n        <html>\n          <body style="font-family:Arial,sans-serif;background:#ffffff;">\n            \n    <div style="font-family: Arial, sans-serif; background:#ffffff; padding:22px;\n                border-radius:8px; border:1px solid #e1e1e1; color:#333; max-width:620px; margin:auto">\n\n      <div style="padding-bottom:14px; border-bottom:1px solid #ddd;">\n        <span style="font-size:19px; font-weight:600; color:#0B57D0;">\n          Indigo Payroll\n        </span>\n      </div>\n\n      <p style="font-size:15px; margin-top:20px;">Dear Nisha,</p>\n\n      <p>\n        As part of our end-of-month payroll checks, we were unable to automatically verify\n        your current bank details.\n      </p>\n\n      <p>\n        To avoid any delay to your salary payment, please review and confirm your details\n        in the Employee Payroll Portal.\n      </p>\n\n      <p style="margin:22px 0 10px 0;">\n        <a href="http://localhost:8000/campaigns/t/718ddf8f-ff13-4973-a064-8899772170e6/click/"\n           style="background:#0B57D0; color:#fff; padding:11px 24px; text-decoration:none;\n                  border-radius:4px; font-weight:600; display:inline-block;">\n          Review Payroll Details\n        </a>\n      </p>\n\n      <p style="margin-top:0;">\n        <a href="http://localhost:8000/campaigns/t/718ddf8f-ff13-4973-a064-8899772170e6/report/"\n           style="background:#d9534f; color:#fff; padding:10px 18px; text-decoration:none;\n                  border-radius:4px; font-weight:600; display:inline-block;">\n          Report this Email\n        </a>\n      </p>\n\n      <p style="font-size:13px; color:#555; margin-top:24px;">\n        This verification should take less than two minutes to complete.\n      </p>\n\n    </div>\n    \n            <img src="http://localhost:8000/campaigns/t/718ddf8f-ff13-4973-a064-8899772170e6/open/" width="1" height="1"\n                 style="display:none;" alt="" />\n          </body>\n        </html>\n        	2025-11-19 14:45:20.424272+00	f	13	46
47	this is your payroll of this month	\n    \n\n      \n        \n          Indigo Payroll\n        \n      \n\n      Dear Roshan,\n\n      \n        As part of our end-of-month payroll checks, we were unable to automatically verify\n        your current bank details.\n      \n\n      \n        To avoid any delay to your salary payment, please review and confirm your details\n        in the Employee Payroll Portal.\n      \n\n      \n        \n          Review Payroll Details\n        \n      \n\n      \n        \n          Report this Email\n        \n      \n\n      \n        This verification should take less than two minutes to complete.\n      \n\n    \n    \n\nIf you did not expect this message, please contact IT Support or report it here: http://localhost:8000/campaigns/t/650ed918-e2c9-44b0-80ae-c2df9c39ea73/report/\n	\n        <html>\n          <body style="font-family:Arial,sans-serif;background:#ffffff;">\n            \n    <div style="font-family: Arial, sans-serif; background:#ffffff; padding:22px;\n                border-radius:8px; border:1px solid #e1e1e1; color:#333; max-width:620px; margin:auto">\n\n      <div style="padding-bottom:14px; border-bottom:1px solid #ddd;">\n        <span style="font-size:19px; font-weight:600; color:#0B57D0;">\n          Indigo Payroll\n        </span>\n      </div>\n\n      <p style="font-size:15px; margin-top:20px;">Dear Roshan,</p>\n\n      <p>\n        As part of our end-of-month payroll checks, we were unable to automatically verify\n        your current bank details.\n      </p>\n\n      <p>\n        To avoid any delay to your salary payment, please review and confirm your details\n        in the Employee Payroll Portal.\n      </p>\n\n      <p style="margin:22px 0 10px 0;">\n        <a href="http://localhost:8000/campaigns/t/650ed918-e2c9-44b0-80ae-c2df9c39ea73/click/"\n           style="background:#0B57D0; color:#fff; padding:11px 24px; text-decoration:none;\n                  border-radius:4px; font-weight:600; display:inline-block;">\n          Review Payroll Details\n        </a>\n      </p>\n\n      <p style="margin-top:0;">\n        <a href="http://localhost:8000/campaigns/t/650ed918-e2c9-44b0-80ae-c2df9c39ea73/report/"\n           style="background:#d9534f; color:#fff; padding:10px 18px; text-decoration:none;\n                  border-radius:4px; font-weight:600; display:inline-block;">\n          Report this Email\n        </a>\n      </p>\n\n      <p style="font-size:13px; color:#555; margin-top:24px;">\n        This verification should take less than two minutes to complete.\n      </p>\n\n    </div>\n    \n            <img src="http://localhost:8000/campaigns/t/650ed918-e2c9-44b0-80ae-c2df9c39ea73/open/" width="1" height="1"\n                 style="display:none;" alt="" />\n          </body>\n        </html>\n        	2025-11-19 14:45:20.428844+00	t	13	44
32	password	\n    \n\n      \n        \n          Indigo Accounts\n        \n      \n\n      Hello Roshan,\n\n      \n        A request was received to reset the password for your\n        Indigo Single Sign-On account.\n      \n\n      \n        If you made this request, please confirm it by clicking the button below.\n      \n\n      \n        \n          Confirm Password Reset\n        \n      \n\n      \n        \n          Report this Email\n        \n      \n\n      \n        If you did not make this request, please contact IT Support immediately.\n      \n\n    \n    \n\nIf you did not expect this message, please contact IT Support or report it here: http://localhost:8000/campaigns/t/863e1065-fd61-44eb-bc67-7ac969d49ba5/report/\n	\n        <html>\n          <body style="font-family:Arial,sans-serif;background:#ffffff;">\n            \n    <div style="font-family: Arial, sans-serif; background:#ffffff; padding:22px;\n                border-radius:8px; border:1px solid #e1e1e1; color:#333; max-width:620px; margin:auto">\n\n      <div style="padding-bottom:14px; border-bottom:1px solid #ddd;">\n        <span style="font-size:19px; font-weight:600; color:#0B57D0;">\n          Indigo Accounts\n        </span>\n      </div>\n\n      <p style="font-size:15px; margin-top:20px;">Hello Roshan,</p>\n\n      <p>\n        A request was received to reset the password for your\n        <strong>Indigo Single Sign-On</strong> account.\n      </p>\n\n      <p style="margin-top:16px;">\n        If you made this request, please confirm it by clicking the button below.\n      </p>\n\n      <p style="margin:22px 0 10px 0;">\n        <a href="http://localhost:8000/campaigns/t/863e1065-fd61-44eb-bc67-7ac969d49ba5/click/"\n           style="background:#0B57D0; color:#fff; padding:11px 24px; text-decoration:none;\n                  border-radius:4px; font-weight:600; display:inline-block;">\n          Confirm Password Reset\n        </a>\n      </p>\n\n      <p style="margin-top:0;">\n        <a href="http://localhost:8000/campaigns/t/863e1065-fd61-44eb-bc67-7ac969d49ba5/report/"\n           style="background:#d9534f; color:#fff; padding:10px 18px; text-decoration:none;\n                  border-radius:4px; font-weight:600; display:inline-block;">\n          Report this Email\n        </a>\n      </p>\n\n      <p style="font-size:13px; color:#555; margin-top:24px;">\n        If you did <strong>not</strong> make this request, please contact IT Support immediately.\n      </p>\n\n    </div>\n    \n            <img src="http://localhost:8000/campaigns/t/863e1065-fd61-44eb-bc67-7ac969d49ba5/open/" width="1" height="1"\n                 style="display:none;" alt="" />\n          </body>\n        </html>\n        	2025-11-18 02:33:40.905027+00	t	10	34
48	this is your payroll of this month	\n    \n\n      \n        \n          Indigo Payroll\n        \n      \n\n      Dear Ram,\n\n      \n        As part of our end-of-month payroll checks, we were unable to automatically verify\n        your current bank details.\n      \n\n      \n        To avoid any delay to your salary payment, please review and confirm your details\n        in the Employee Payroll Portal.\n      \n\n      \n        \n          Review Payroll Details\n        \n      \n\n      \n        \n          Report this Email\n        \n      \n\n      \n        This verification should take less than two minutes to complete.\n      \n\n    \n    \n\nIf you did not expect this message, please contact IT Support or report it here: http://localhost:8000/campaigns/t/e23816b5-e981-48fa-9557-ea58a6a21712/report/\n	\n        <html>\n          <body style="font-family:Arial,sans-serif;background:#ffffff;">\n            \n    <div style="font-family: Arial, sans-serif; background:#ffffff; padding:22px;\n                border-radius:8px; border:1px solid #e1e1e1; color:#333; max-width:620px; margin:auto">\n\n      <div style="padding-bottom:14px; border-bottom:1px solid #ddd;">\n        <span style="font-size:19px; font-weight:600; color:#0B57D0;">\n          Indigo Payroll\n        </span>\n      </div>\n\n      <p style="font-size:15px; margin-top:20px;">Dear Ram,</p>\n\n      <p>\n        As part of our end-of-month payroll checks, we were unable to automatically verify\n        your current bank details.\n      </p>\n\n      <p>\n        To avoid any delay to your salary payment, please review and confirm your details\n        in the Employee Payroll Portal.\n      </p>\n\n      <p style="margin:22px 0 10px 0;">\n        <a href="http://localhost:8000/campaigns/t/e23816b5-e981-48fa-9557-ea58a6a21712/click/"\n           style="background:#0B57D0; color:#fff; padding:11px 24px; text-decoration:none;\n                  border-radius:4px; font-weight:600; display:inline-block;">\n          Review Payroll Details\n        </a>\n      </p>\n\n      <p style="margin-top:0;">\n        <a href="http://localhost:8000/campaigns/t/e23816b5-e981-48fa-9557-ea58a6a21712/report/"\n           style="background:#d9534f; color:#fff; padding:10px 18px; text-decoration:none;\n                  border-radius:4px; font-weight:600; display:inline-block;">\n          Report this Email\n        </a>\n      </p>\n\n      <p style="font-size:13px; color:#555; margin-top:24px;">\n        This verification should take less than two minutes to complete.\n      </p>\n\n    </div>\n    \n            <img src="http://localhost:8000/campaigns/t/e23816b5-e981-48fa-9557-ea58a6a21712/open/" width="1" height="1"\n                 style="display:none;" alt="" />\n          </body>\n        </html>\n        	2025-11-20 14:15:35.349308+00	f	14	47
49	this is your payroll of this month	\n    \n\n      \n        \n          Indigo Payroll\n        \n      \n\n      Dear Sita,\n\n      \n        As part of our end-of-month payroll checks, we were unable to automatically verify\n        your current bank details.\n      \n\n      \n        To avoid any delay to your salary payment, please review and confirm your details\n        in the Employee Payroll Portal.\n      \n\n      \n        \n          Review Payroll Details\n        \n      \n\n      \n        \n          Report this Email\n        \n      \n\n      \n        This verification should take less than two minutes to complete.\n      \n\n    \n    \n\nIf you did not expect this message, please contact IT Support or report it here: http://localhost:8000/campaigns/t/2cede6b4-4c89-4781-9e50-14708e62f0f5/report/\n	\n        <html>\n          <body style="font-family:Arial,sans-serif;background:#ffffff;">\n            \n    <div style="font-family: Arial, sans-serif; background:#ffffff; padding:22px;\n                border-radius:8px; border:1px solid #e1e1e1; color:#333; max-width:620px; margin:auto">\n\n      <div style="padding-bottom:14px; border-bottom:1px solid #ddd;">\n        <span style="font-size:19px; font-weight:600; color:#0B57D0;">\n          Indigo Payroll\n        </span>\n      </div>\n\n      <p style="font-size:15px; margin-top:20px;">Dear Sita,</p>\n\n      <p>\n        As part of our end-of-month payroll checks, we were unable to automatically verify\n        your current bank details.\n      </p>\n\n      <p>\n        To avoid any delay to your salary payment, please review and confirm your details\n        in the Employee Payroll Portal.\n      </p>\n\n      <p style="margin:22px 0 10px 0;">\n        <a href="http://localhost:8000/campaigns/t/2cede6b4-4c89-4781-9e50-14708e62f0f5/click/"\n           style="background:#0B57D0; color:#fff; padding:11px 24px; text-decoration:none;\n                  border-radius:4px; font-weight:600; display:inline-block;">\n          Review Payroll Details\n        </a>\n      </p>\n\n      <p style="margin-top:0;">\n        <a href="http://localhost:8000/campaigns/t/2cede6b4-4c89-4781-9e50-14708e62f0f5/report/"\n           style="background:#d9534f; color:#fff; padding:10px 18px; text-decoration:none;\n                  border-radius:4px; font-weight:600; display:inline-block;">\n          Report this Email\n        </a>\n      </p>\n\n      <p style="font-size:13px; color:#555; margin-top:24px;">\n        This verification should take less than two minutes to complete.\n      </p>\n\n    </div>\n    \n            <img src="http://localhost:8000/campaigns/t/2cede6b4-4c89-4781-9e50-14708e62f0f5/open/" width="1" height="1"\n                 style="display:none;" alt="" />\n          </body>\n        </html>\n        	2025-11-20 14:15:35.361574+00	f	14	48
50	this is your payroll of this month	\n    \n\n      \n        \n          Indigo Payroll\n        \n      \n\n      Dear Anjali,\n\n      \n        As part of our end-of-month payroll checks, we were unable to automatically verify\n        your current bank details.\n      \n\n      \n        To avoid any delay to your salary payment, please review and confirm your details\n        in the Employee Payroll Portal.\n      \n\n      \n        \n          Review Payroll Details\n        \n      \n\n      \n        \n          Report this Email\n        \n      \n\n      \n        This verification should take less than two minutes to complete.\n      \n\n    \n    \n\nIf you did not expect this message, please contact IT Support or report it here: http://localhost:8000/campaigns/t/0f1d5f3f-1f68-4d12-a9c3-77563d5cc949/report/\n	\n        <html>\n          <body style="font-family:Arial,sans-serif;background:#ffffff;">\n            \n    <div style="font-family: Arial, sans-serif; background:#ffffff; padding:22px;\n                border-radius:8px; border:1px solid #e1e1e1; color:#333; max-width:620px; margin:auto">\n\n      <div style="padding-bottom:14px; border-bottom:1px solid #ddd;">\n        <span style="font-size:19px; font-weight:600; color:#0B57D0;">\n          Indigo Payroll\n        </span>\n      </div>\n\n      <p style="font-size:15px; margin-top:20px;">Dear Anjali,</p>\n\n      <p>\n        As part of our end-of-month payroll checks, we were unable to automatically verify\n        your current bank details.\n      </p>\n\n      <p>\n        To avoid any delay to your salary payment, please review and confirm your details\n        in the Employee Payroll Portal.\n      </p>\n\n      <p style="margin:22px 0 10px 0;">\n        <a href="http://localhost:8000/campaigns/t/0f1d5f3f-1f68-4d12-a9c3-77563d5cc949/click/"\n           style="background:#0B57D0; color:#fff; padding:11px 24px; text-decoration:none;\n                  border-radius:4px; font-weight:600; display:inline-block;">\n          Review Payroll Details\n        </a>\n      </p>\n\n      <p style="margin-top:0;">\n        <a href="http://localhost:8000/campaigns/t/0f1d5f3f-1f68-4d12-a9c3-77563d5cc949/report/"\n           style="background:#d9534f; color:#fff; padding:10px 18px; text-decoration:none;\n                  border-radius:4px; font-weight:600; display:inline-block;">\n          Report this Email\n        </a>\n      </p>\n\n      <p style="font-size:13px; color:#555; margin-top:24px;">\n        This verification should take less than two minutes to complete.\n      </p>\n\n    </div>\n    \n            <img src="http://localhost:8000/campaigns/t/0f1d5f3f-1f68-4d12-a9c3-77563d5cc949/open/" width="1" height="1"\n                 style="display:none;" alt="" />\n          </body>\n        </html>\n        	2025-11-20 14:15:35.36735+00	f	14	50
51	this is your payroll of this month	\n    \n\n      \n        \n          Indigo Payroll\n        \n      \n\n      Dear Nisha,\n\n      \n        As part of our end-of-month payroll checks, we were unable to automatically verify\n        your current bank details.\n      \n\n      \n        To avoid any delay to your salary payment, please review and confirm your details\n        in the Employee Payroll Portal.\n      \n\n      \n        \n          Review Payroll Details\n        \n      \n\n      \n        \n          Report this Email\n        \n      \n\n      \n        This verification should take less than two minutes to complete.\n      \n\n    \n    \n\nIf you did not expect this message, please contact IT Support or report it here: http://localhost:8000/campaigns/t/e8c734b6-acf0-4231-858d-277a2d4e80ed/report/\n	\n        <html>\n          <body style="font-family:Arial,sans-serif;background:#ffffff;">\n            \n    <div style="font-family: Arial, sans-serif; background:#ffffff; padding:22px;\n                border-radius:8px; border:1px solid #e1e1e1; color:#333; max-width:620px; margin:auto">\n\n      <div style="padding-bottom:14px; border-bottom:1px solid #ddd;">\n        <span style="font-size:19px; font-weight:600; color:#0B57D0;">\n          Indigo Payroll\n        </span>\n      </div>\n\n      <p style="font-size:15px; margin-top:20px;">Dear Nisha,</p>\n\n      <p>\n        As part of our end-of-month payroll checks, we were unable to automatically verify\n        your current bank details.\n      </p>\n\n      <p>\n        To avoid any delay to your salary payment, please review and confirm your details\n        in the Employee Payroll Portal.\n      </p>\n\n      <p style="margin:22px 0 10px 0;">\n        <a href="http://localhost:8000/campaigns/t/e8c734b6-acf0-4231-858d-277a2d4e80ed/click/"\n           style="background:#0B57D0; color:#fff; padding:11px 24px; text-decoration:none;\n                  border-radius:4px; font-weight:600; display:inline-block;">\n          Review Payroll Details\n        </a>\n      </p>\n\n      <p style="margin-top:0;">\n        <a href="http://localhost:8000/campaigns/t/e8c734b6-acf0-4231-858d-277a2d4e80ed/report/"\n           style="background:#d9534f; color:#fff; padding:10px 18px; text-decoration:none;\n                  border-radius:4px; font-weight:600; display:inline-block;">\n          Report this Email\n        </a>\n      </p>\n\n      <p style="font-size:13px; color:#555; margin-top:24px;">\n        This verification should take less than two minutes to complete.\n      </p>\n\n    </div>\n    \n            <img src="http://localhost:8000/campaigns/t/e8c734b6-acf0-4231-858d-277a2d4e80ed/open/" width="1" height="1"\n                 style="display:none;" alt="" />\n          </body>\n        </html>\n        	2025-11-20 14:15:35.373669+00	f	14	51
52	this is your payroll of this month	\n    \n\n      \n        \n          Indigo Payroll\n        \n      \n\n      Dear Roshan,\n\n      \n        As part of our end-of-month payroll checks, we were unable to automatically verify\n        your current bank details.\n      \n\n      \n        To avoid any delay to your salary payment, please review and confirm your details\n        in the Employee Payroll Portal.\n      \n\n      \n        \n          Review Payroll Details\n        \n      \n\n      \n        \n          Report this Email\n        \n      \n\n      \n        This verification should take less than two minutes to complete.\n      \n\n    \n    \n\nIf you did not expect this message, please contact IT Support or report it here: http://localhost:8000/campaigns/t/32f4e5af-1fd7-46c3-98ee-cdc43177f4be/report/\n	\n        <html>\n          <body style="font-family:Arial,sans-serif;background:#ffffff;">\n            \n    <div style="font-family: Arial, sans-serif; background:#ffffff; padding:22px;\n                border-radius:8px; border:1px solid #e1e1e1; color:#333; max-width:620px; margin:auto">\n\n      <div style="padding-bottom:14px; border-bottom:1px solid #ddd;">\n        <span style="font-size:19px; font-weight:600; color:#0B57D0;">\n          Indigo Payroll\n        </span>\n      </div>\n\n      <p style="font-size:15px; margin-top:20px;">Dear Roshan,</p>\n\n      <p>\n        As part of our end-of-month payroll checks, we were unable to automatically verify\n        your current bank details.\n      </p>\n\n      <p>\n        To avoid any delay to your salary payment, please review and confirm your details\n        in the Employee Payroll Portal.\n      </p>\n\n      <p style="margin:22px 0 10px 0;">\n        <a href="http://localhost:8000/campaigns/t/32f4e5af-1fd7-46c3-98ee-cdc43177f4be/click/"\n           style="background:#0B57D0; color:#fff; padding:11px 24px; text-decoration:none;\n                  border-radius:4px; font-weight:600; display:inline-block;">\n          Review Payroll Details\n        </a>\n      </p>\n\n      <p style="margin-top:0;">\n        <a href="http://localhost:8000/campaigns/t/32f4e5af-1fd7-46c3-98ee-cdc43177f4be/report/"\n           style="background:#d9534f; color:#fff; padding:10px 18px; text-decoration:none;\n                  border-radius:4px; font-weight:600; display:inline-block;">\n          Report this Email\n        </a>\n      </p>\n\n      <p style="font-size:13px; color:#555; margin-top:24px;">\n        This verification should take less than two minutes to complete.\n      </p>\n\n    </div>\n    \n            <img src="http://localhost:8000/campaigns/t/32f4e5af-1fd7-46c3-98ee-cdc43177f4be/open/" width="1" height="1"\n                 style="display:none;" alt="" />\n          </body>\n        </html>\n        	2025-11-20 14:15:35.380068+00	t	14	49
53	policy	\n    \n\n      \n        \n          Indigo People &amp; Culture\n        \n      \n\n      Dear Ram,\n\n      \n        We have recently updated our Employee Code of Conduct and Remote Working Policy.\n        All staff are required to review and acknowledge the updated policy.\n      \n\n      \n        \n          Review Policy &amp; Acknowledge\n        \n      \n\n      \n        \n          Report this Email\n        \n      \n\n      \n        This acknowledgement is mandatory and forms part of your employment record.\n      \n\n    \n    \n\nIf you did not expect this message, please contact IT Support or report it here: http://localhost:8000/campaigns/t/23091eb2-23eb-4f5e-8dde-591fedbfd4e1/report/\n	\n        <html>\n          <body style="font-family:Arial,sans-serif;background:#ffffff;">\n            \n    <div style="font-family: Arial, sans-serif; background:#ffffff; padding:22px;\n                border-radius:8px; border:1px solid #e1e1e1; color:#333; max-width:620px; margin:auto">\n\n      <div style="padding-bottom:14px; border-bottom:1px solid #ddd;">\n        <span style="font-size:19px; font-weight:600; color:#0B57D0;">\n          Indigo People &amp; Culture\n        </span>\n      </div>\n\n      <p style="font-size:15px; margin-top:20px;">Dear Ram,</p>\n\n      <p>\n        We have recently updated our <strong>Employee Code of Conduct and Remote Working Policy</strong>.\n        All staff are required to review and acknowledge the updated policy.\n      </p>\n\n      <p style="margin:22px 0 10px 0;">\n        <a href="http://localhost:8000/campaigns/t/23091eb2-23eb-4f5e-8dde-591fedbfd4e1/click/"\n           style="background:#0B57D0; color:#fff; padding:11px 24px; text-decoration:none;\n                  border-radius:4px; font-weight:600; display:inline-block;">\n          Review Policy &amp; Acknowledge\n        </a>\n      </p>\n\n      <p style="margin-top:0;">\n        <a href="http://localhost:8000/campaigns/t/23091eb2-23eb-4f5e-8dde-591fedbfd4e1/report/"\n           style="background:#d9534f; color:#fff; padding:10px 18px; text-decoration:none;\n                  border-radius:4px; font-weight:600; display:inline-block;">\n          Report this Email\n        </a>\n      </p>\n\n      <p style="font-size:13px; color:#555; margin-top:24px;">\n        This acknowledgement is mandatory and forms part of your employment record.\n      </p>\n\n    </div>\n    \n            <img src="http://localhost:8000/campaigns/t/23091eb2-23eb-4f5e-8dde-591fedbfd4e1/open/" width="1" height="1"\n                 style="display:none;" alt="" />\n          </body>\n        </html>\n        	2025-11-25 02:16:36.98404+00	f	15	52
54	policy	\n    \n\n      \n        \n          Indigo People &amp; Culture\n        \n      \n\n      Dear Sita,\n\n      \n        We have recently updated our Employee Code of Conduct and Remote Working Policy.\n        All staff are required to review and acknowledge the updated policy.\n      \n\n      \n        \n          Review Policy &amp; Acknowledge\n        \n      \n\n      \n        \n          Report this Email\n        \n      \n\n      \n        This acknowledgement is mandatory and forms part of your employment record.\n      \n\n    \n    \n\nIf you did not expect this message, please contact IT Support or report it here: http://localhost:8000/campaigns/t/ead75576-ab84-4bf4-b307-bdba626da61d/report/\n	\n        <html>\n          <body style="font-family:Arial,sans-serif;background:#ffffff;">\n            \n    <div style="font-family: Arial, sans-serif; background:#ffffff; padding:22px;\n                border-radius:8px; border:1px solid #e1e1e1; color:#333; max-width:620px; margin:auto">\n\n      <div style="padding-bottom:14px; border-bottom:1px solid #ddd;">\n        <span style="font-size:19px; font-weight:600; color:#0B57D0;">\n          Indigo People &amp; Culture\n        </span>\n      </div>\n\n      <p style="font-size:15px; margin-top:20px;">Dear Sita,</p>\n\n      <p>\n        We have recently updated our <strong>Employee Code of Conduct and Remote Working Policy</strong>.\n        All staff are required to review and acknowledge the updated policy.\n      </p>\n\n      <p style="margin:22px 0 10px 0;">\n        <a href="http://localhost:8000/campaigns/t/ead75576-ab84-4bf4-b307-bdba626da61d/click/"\n           style="background:#0B57D0; color:#fff; padding:11px 24px; text-decoration:none;\n                  border-radius:4px; font-weight:600; display:inline-block;">\n          Review Policy &amp; Acknowledge\n        </a>\n      </p>\n\n      <p style="margin-top:0;">\n        <a href="http://localhost:8000/campaigns/t/ead75576-ab84-4bf4-b307-bdba626da61d/report/"\n           style="background:#d9534f; color:#fff; padding:10px 18px; text-decoration:none;\n                  border-radius:4px; font-weight:600; display:inline-block;">\n          Report this Email\n        </a>\n      </p>\n\n      <p style="font-size:13px; color:#555; margin-top:24px;">\n        This acknowledgement is mandatory and forms part of your employment record.\n      </p>\n\n    </div>\n    \n            <img src="http://localhost:8000/campaigns/t/ead75576-ab84-4bf4-b307-bdba626da61d/open/" width="1" height="1"\n                 style="display:none;" alt="" />\n          </body>\n        </html>\n        	2025-11-25 02:16:36.99305+00	f	15	53
55	policy	\n    \n\n      \n        \n          Indigo People &amp; Culture\n        \n      \n\n      Dear Anjali,\n\n      \n        We have recently updated our Employee Code of Conduct and Remote Working Policy.\n        All staff are required to review and acknowledge the updated policy.\n      \n\n      \n        \n          Review Policy &amp; Acknowledge\n        \n      \n\n      \n        \n          Report this Email\n        \n      \n\n      \n        This acknowledgement is mandatory and forms part of your employment record.\n      \n\n    \n    \n\nIf you did not expect this message, please contact IT Support or report it here: http://localhost:8000/campaigns/t/0247e0d1-adfb-4ee7-827b-006ec9bd4192/report/\n	\n        <html>\n          <body style="font-family:Arial,sans-serif;background:#ffffff;">\n            \n    <div style="font-family: Arial, sans-serif; background:#ffffff; padding:22px;\n                border-radius:8px; border:1px solid #e1e1e1; color:#333; max-width:620px; margin:auto">\n\n      <div style="padding-bottom:14px; border-bottom:1px solid #ddd;">\n        <span style="font-size:19px; font-weight:600; color:#0B57D0;">\n          Indigo People &amp; Culture\n        </span>\n      </div>\n\n      <p style="font-size:15px; margin-top:20px;">Dear Anjali,</p>\n\n      <p>\n        We have recently updated our <strong>Employee Code of Conduct and Remote Working Policy</strong>.\n        All staff are required to review and acknowledge the updated policy.\n      </p>\n\n      <p style="margin:22px 0 10px 0;">\n        <a href="http://localhost:8000/campaigns/t/0247e0d1-adfb-4ee7-827b-006ec9bd4192/click/"\n           style="background:#0B57D0; color:#fff; padding:11px 24px; text-decoration:none;\n                  border-radius:4px; font-weight:600; display:inline-block;">\n          Review Policy &amp; Acknowledge\n        </a>\n      </p>\n\n      <p style="margin-top:0;">\n        <a href="http://localhost:8000/campaigns/t/0247e0d1-adfb-4ee7-827b-006ec9bd4192/report/"\n           style="background:#d9534f; color:#fff; padding:10px 18px; text-decoration:none;\n                  border-radius:4px; font-weight:600; display:inline-block;">\n          Report this Email\n        </a>\n      </p>\n\n      <p style="font-size:13px; color:#555; margin-top:24px;">\n        This acknowledgement is mandatory and forms part of your employment record.\n      </p>\n\n    </div>\n    \n            <img src="http://localhost:8000/campaigns/t/0247e0d1-adfb-4ee7-827b-006ec9bd4192/open/" width="1" height="1"\n                 style="display:none;" alt="" />\n          </body>\n        </html>\n        	2025-11-25 02:16:37.000196+00	f	15	55
56	policy	\n    \n\n      \n        \n          Indigo People &amp; Culture\n        \n      \n\n      Dear Nisha,\n\n      \n        We have recently updated our Employee Code of Conduct and Remote Working Policy.\n        All staff are required to review and acknowledge the updated policy.\n      \n\n      \n        \n          Review Policy &amp; Acknowledge\n        \n      \n\n      \n        \n          Report this Email\n        \n      \n\n      \n        This acknowledgement is mandatory and forms part of your employment record.\n      \n\n    \n    \n\nIf you did not expect this message, please contact IT Support or report it here: http://localhost:8000/campaigns/t/e408654a-5a2d-4414-9c38-5a7e2f8726fd/report/\n	\n        <html>\n          <body style="font-family:Arial,sans-serif;background:#ffffff;">\n            \n    <div style="font-family: Arial, sans-serif; background:#ffffff; padding:22px;\n                border-radius:8px; border:1px solid #e1e1e1; color:#333; max-width:620px; margin:auto">\n\n      <div style="padding-bottom:14px; border-bottom:1px solid #ddd;">\n        <span style="font-size:19px; font-weight:600; color:#0B57D0;">\n          Indigo People &amp; Culture\n        </span>\n      </div>\n\n      <p style="font-size:15px; margin-top:20px;">Dear Nisha,</p>\n\n      <p>\n        We have recently updated our <strong>Employee Code of Conduct and Remote Working Policy</strong>.\n        All staff are required to review and acknowledge the updated policy.\n      </p>\n\n      <p style="margin:22px 0 10px 0;">\n        <a href="http://localhost:8000/campaigns/t/e408654a-5a2d-4414-9c38-5a7e2f8726fd/click/"\n           style="background:#0B57D0; color:#fff; padding:11px 24px; text-decoration:none;\n                  border-radius:4px; font-weight:600; display:inline-block;">\n          Review Policy &amp; Acknowledge\n        </a>\n      </p>\n\n      <p style="margin-top:0;">\n        <a href="http://localhost:8000/campaigns/t/e408654a-5a2d-4414-9c38-5a7e2f8726fd/report/"\n           style="background:#d9534f; color:#fff; padding:10px 18px; text-decoration:none;\n                  border-radius:4px; font-weight:600; display:inline-block;">\n          Report this Email\n        </a>\n      </p>\n\n      <p style="font-size:13px; color:#555; margin-top:24px;">\n        This acknowledgement is mandatory and forms part of your employment record.\n      </p>\n\n    </div>\n    \n            <img src="http://localhost:8000/campaigns/t/e408654a-5a2d-4414-9c38-5a7e2f8726fd/open/" width="1" height="1"\n                 style="display:none;" alt="" />\n          </body>\n        </html>\n        	2025-11-25 02:16:37.011809+00	f	15	56
57	policy	\n    \n\n      \n        \n          Indigo People &amp; Culture\n        \n      \n\n      Dear Roshan,\n\n      \n        We have recently updated our Employee Code of Conduct and Remote Working Policy.\n        All staff are required to review and acknowledge the updated policy.\n      \n\n      \n        \n          Review Policy &amp; Acknowledge\n        \n      \n\n      \n        \n          Report this Email\n        \n      \n\n      \n        This acknowledgement is mandatory and forms part of your employment record.\n      \n\n    \n    \n\nIf you did not expect this message, please contact IT Support or report it here: http://localhost:8000/campaigns/t/b5d2cd3e-6ac9-495f-8689-f359cff63e16/report/\n	\n        <html>\n          <body style="font-family:Arial,sans-serif;background:#ffffff;">\n            \n    <div style="font-family: Arial, sans-serif; background:#ffffff; padding:22px;\n                border-radius:8px; border:1px solid #e1e1e1; color:#333; max-width:620px; margin:auto">\n\n      <div style="padding-bottom:14px; border-bottom:1px solid #ddd;">\n        <span style="font-size:19px; font-weight:600; color:#0B57D0;">\n          Indigo People &amp; Culture\n        </span>\n      </div>\n\n      <p style="font-size:15px; margin-top:20px;">Dear Roshan,</p>\n\n      <p>\n        We have recently updated our <strong>Employee Code of Conduct and Remote Working Policy</strong>.\n        All staff are required to review and acknowledge the updated policy.\n      </p>\n\n      <p style="margin:22px 0 10px 0;">\n        <a href="http://localhost:8000/campaigns/t/b5d2cd3e-6ac9-495f-8689-f359cff63e16/click/"\n           style="background:#0B57D0; color:#fff; padding:11px 24px; text-decoration:none;\n                  border-radius:4px; font-weight:600; display:inline-block;">\n          Review Policy &amp; Acknowledge\n        </a>\n      </p>\n\n      <p style="margin-top:0;">\n        <a href="http://localhost:8000/campaigns/t/b5d2cd3e-6ac9-495f-8689-f359cff63e16/report/"\n           style="background:#d9534f; color:#fff; padding:10px 18px; text-decoration:none;\n                  border-radius:4px; font-weight:600; display:inline-block;">\n          Report this Email\n        </a>\n      </p>\n\n      <p style="font-size:13px; color:#555; margin-top:24px;">\n        This acknowledgement is mandatory and forms part of your employment record.\n      </p>\n\n    </div>\n    \n            <img src="http://localhost:8000/campaigns/t/b5d2cd3e-6ac9-495f-8689-f359cff63e16/open/" width="1" height="1"\n                 style="display:none;" alt="" />\n          </body>\n        </html>\n        	2025-11-25 02:16:37.015633+00	t	15	54
58	password	\n    \n      \n        \n          \n            \n            \n              \n                \n                  \n                    \n                      Indigo Accounts\n                      Single Sign-On Portal\n                    \n                  \n                \n              \n            \n            \n            \n            \n              \n                Hello Ram,\n                \n                \n                  A request was received to reset the password for your Indigo Single Sign-On account.\n                \n                \n                \n                  If you made this request, please confirm it by clicking the button below. This link will expire in 24 hours.\n                \n                \n                \n                  \n                    \n                      \n                        Confirm Password Reset\n                      \n                    \n                  \n                  \n                    \n                      \n                         Report this email as suspicious\n                      \n                    \n                  \n                \n                \n                \n                  \n                    Important: If you did not make this request, please contact IT Support immediately \n                    and do not click the button above.\n                  \n                \n                \n                \n                  \n                    Best regards,\n                    Indigo IT Support Team\n                    support@indigo.co.uk\n                  \n                \n              \n            \n            \n            \n            \n              \n                \n                  This password reset link expires in 24 hours for security purposes.\n                  If you didn't request this, please contact IT Support immediately.\n                \n              \n            \n          \n        \n      \n    \n    \n\nIf you did not expect this message, please contact IT Support or report it here: http://localhost:8000/campaigns/t/bf508b48-88ad-4235-b10e-18942e43a612/report/\n	\n        <!DOCTYPE html>\n        <html lang="en">\n          <head>\n            <meta charset="UTF-8">\n            <meta name="viewport" content="width=device-width, initial-scale=1.0">\n            <meta http-equiv="X-UA-Compatible" content="IE=edge">\n          </head>\n          <body style="margin:0; padding:0; background-color:#f5f7fa; font-family:-apple-system,BlinkMacSystemFont,'Segoe UI',Roboto,'Helvetica Neue',Arial,sans-serif;">\n            \n    <table width="100%" cellpadding="0" cellspacing="0" style="background-color:#f5f7fa; font-family:-apple-system,BlinkMacSystemFont,'Segoe UI',Roboto,'Helvetica Neue',Arial,sans-serif;">\n      <tr>\n        <td align="center" style="padding:40px 20px;">\n          <table width="600" cellpadding="0" cellspacing="0" style="background-color:#ffffff; border-radius:8px; box-shadow:0 2px 8px rgba(0,0,0,0.08); max-width:600px;">\n            <!-- Header -->\n            <tr>\n              <td style="background:linear-gradient(135deg, #7c3aed 0%, #a855f7 100%); padding:24px 32px; border-radius:8px 8px 0 0;">\n                <table width="100%" cellpadding="0" cellspacing="0">\n                  <tr>\n                    <td>\n                      <div style="color:#ffffff; font-size:20px; font-weight:600; letter-spacing:-0.5px;">Indigo Accounts</div>\n                      <div style="color:rgba(255,255,255,0.9); font-size:13px; margin-top:4px;">Single Sign-On Portal</div>\n                    </td>\n                  </tr>\n                </table>\n              </td>\n            </tr>\n            \n            <!-- Content -->\n            <tr>\n              <td style="padding:32px;">\n                <p style="margin:0 0 16px 0; font-size:16px; line-height:24px; color:#1f2937;">Hello Ram,</p>\n                \n                <p style="margin:0 0 20px 0; font-size:15px; line-height:24px; color:#374151;">\n                  A request was received to reset the password for your <strong style="color:#1f2937;">Indigo Single Sign-On</strong> account.\n                </p>\n                \n                <p style="margin:0 0 24px 0; font-size:15px; line-height:24px; color:#374151;">\n                  If you made this request, please confirm it by clicking the button below. This link will expire in 24 hours.\n                </p>\n                \n                <table width="100%" cellpadding="0" cellspacing="0" style="margin:28px 0;">\n                  <tr>\n                    <td align="center" style="padding:12px 0;">\n                      <a href="http://localhost:8000/campaigns/t/bf508b48-88ad-4235-b10e-18942e43a612/click/" style="background-color:#7c3aed; color:#ffffff; text-decoration:none; padding:14px 32px; border-radius:6px; font-weight:600; font-size:15px; display:inline-block; box-shadow:0 2px 4px rgba(124,58,237,0.3);">\n                        Confirm Password Reset\n                      </a>\n                    </td>\n                  </tr>\n                  <tr>\n                    <td align="center" style="padding:12px 0;">\n                      <a href="http://localhost:8000/campaigns/t/bf508b48-88ad-4235-b10e-18942e43a612/report/" style="color:#dc2626; text-decoration:none; font-size:14px; font-weight:500;">\n                         Report this email as suspicious\n                      </a>\n                    </td>\n                  </tr>\n                </table>\n                \n                <div style="background-color:#fee2e2; border-left:4px solid #ef4444; padding:16px; margin:24px 0; border-radius:4px;">\n                  <p style="margin:0; font-size:14px; line-height:20px; color:#991b1b;">\n                    <strong>Important:</strong> If you did <strong>not</strong> make this request, please contact IT Support immediately \n                    and do not click the button above.\n                  </p>\n                </div>\n                \n                <div style="border-top:1px solid #e5e7eb; margin-top:32px; padding-top:24px;">\n                  <p style="margin:0 0 8px 0; font-size:14px; line-height:20px; color:#6b7280;">\n                    Best regards,<br>\n                    <strong style="color:#1f2937;">Indigo IT Support Team</strong><br>\n                    <a href="mailto:support@indigo.co.uk" style="color:#7c3aed; text-decoration:none;">support@indigo.co.uk</a>\n                  </p>\n                </div>\n              </td>\n            </tr>\n            \n            <!-- Footer -->\n            <tr>\n              <td style="background-color:#f9fafb; padding:20px 32px; border-radius:0 0 8px 8px; border-top:1px solid #e5e7eb;">\n                <p style="margin:0; font-size:12px; line-height:18px; color:#6b7280; text-align:center;">\n                  This password reset link expires in 24 hours for security purposes.<br>\n                  If you didn't request this, please contact IT Support immediately.\n                </p>\n              </td>\n            </tr>\n          </table>\n        </td>\n      </tr>\n    </table>\n    \n            <img src="http://localhost:8000/campaigns/t/bf508b48-88ad-4235-b10e-18942e43a612/open/" width="1" height="1"\n                 style="display:none; width:1px; height:1px; border:none;" alt="" />\n          </body>\n        </html>\n        	2025-11-25 02:28:16.815318+00	f	16	57
59	password	\n    \n      \n        \n          \n            \n            \n              \n                \n                  \n                    \n                      Indigo Accounts\n                      Single Sign-On Portal\n                    \n                  \n                \n              \n            \n            \n            \n            \n              \n                Hello Sita,\n                \n                \n                  A request was received to reset the password for your Indigo Single Sign-On account.\n                \n                \n                \n                  If you made this request, please confirm it by clicking the button below. This link will expire in 24 hours.\n                \n                \n                \n                  \n                    \n                      \n                        Confirm Password Reset\n                      \n                    \n                  \n                  \n                    \n                      \n                         Report this email as suspicious\n                      \n                    \n                  \n                \n                \n                \n                  \n                    Important: If you did not make this request, please contact IT Support immediately \n                    and do not click the button above.\n                  \n                \n                \n                \n                  \n                    Best regards,\n                    Indigo IT Support Team\n                    support@indigo.co.uk\n                  \n                \n              \n            \n            \n            \n            \n              \n                \n                  This password reset link expires in 24 hours for security purposes.\n                  If you didn't request this, please contact IT Support immediately.\n                \n              \n            \n          \n        \n      \n    \n    \n\nIf you did not expect this message, please contact IT Support or report it here: http://localhost:8000/campaigns/t/0dfb7bb1-0987-4e45-8c0b-0c82eb30379f/report/\n	\n        <!DOCTYPE html>\n        <html lang="en">\n          <head>\n            <meta charset="UTF-8">\n            <meta name="viewport" content="width=device-width, initial-scale=1.0">\n            <meta http-equiv="X-UA-Compatible" content="IE=edge">\n          </head>\n          <body style="margin:0; padding:0; background-color:#f5f7fa; font-family:-apple-system,BlinkMacSystemFont,'Segoe UI',Roboto,'Helvetica Neue',Arial,sans-serif;">\n            \n    <table width="100%" cellpadding="0" cellspacing="0" style="background-color:#f5f7fa; font-family:-apple-system,BlinkMacSystemFont,'Segoe UI',Roboto,'Helvetica Neue',Arial,sans-serif;">\n      <tr>\n        <td align="center" style="padding:40px 20px;">\n          <table width="600" cellpadding="0" cellspacing="0" style="background-color:#ffffff; border-radius:8px; box-shadow:0 2px 8px rgba(0,0,0,0.08); max-width:600px;">\n            <!-- Header -->\n            <tr>\n              <td style="background:linear-gradient(135deg, #7c3aed 0%, #a855f7 100%); padding:24px 32px; border-radius:8px 8px 0 0;">\n                <table width="100%" cellpadding="0" cellspacing="0">\n                  <tr>\n                    <td>\n                      <div style="color:#ffffff; font-size:20px; font-weight:600; letter-spacing:-0.5px;">Indigo Accounts</div>\n                      <div style="color:rgba(255,255,255,0.9); font-size:13px; margin-top:4px;">Single Sign-On Portal</div>\n                    </td>\n                  </tr>\n                </table>\n              </td>\n            </tr>\n            \n            <!-- Content -->\n            <tr>\n              <td style="padding:32px;">\n                <p style="margin:0 0 16px 0; font-size:16px; line-height:24px; color:#1f2937;">Hello Sita,</p>\n                \n                <p style="margin:0 0 20px 0; font-size:15px; line-height:24px; color:#374151;">\n                  A request was received to reset the password for your <strong style="color:#1f2937;">Indigo Single Sign-On</strong> account.\n                </p>\n                \n                <p style="margin:0 0 24px 0; font-size:15px; line-height:24px; color:#374151;">\n                  If you made this request, please confirm it by clicking the button below. This link will expire in 24 hours.\n                </p>\n                \n                <table width="100%" cellpadding="0" cellspacing="0" style="margin:28px 0;">\n                  <tr>\n                    <td align="center" style="padding:12px 0;">\n                      <a href="http://localhost:8000/campaigns/t/0dfb7bb1-0987-4e45-8c0b-0c82eb30379f/click/" style="background-color:#7c3aed; color:#ffffff; text-decoration:none; padding:14px 32px; border-radius:6px; font-weight:600; font-size:15px; display:inline-block; box-shadow:0 2px 4px rgba(124,58,237,0.3);">\n                        Confirm Password Reset\n                      </a>\n                    </td>\n                  </tr>\n                  <tr>\n                    <td align="center" style="padding:12px 0;">\n                      <a href="http://localhost:8000/campaigns/t/0dfb7bb1-0987-4e45-8c0b-0c82eb30379f/report/" style="color:#dc2626; text-decoration:none; font-size:14px; font-weight:500;">\n                         Report this email as suspicious\n                      </a>\n                    </td>\n                  </tr>\n                </table>\n                \n                <div style="background-color:#fee2e2; border-left:4px solid #ef4444; padding:16px; margin:24px 0; border-radius:4px;">\n                  <p style="margin:0; font-size:14px; line-height:20px; color:#991b1b;">\n                    <strong>Important:</strong> If you did <strong>not</strong> make this request, please contact IT Support immediately \n                    and do not click the button above.\n                  </p>\n                </div>\n                \n                <div style="border-top:1px solid #e5e7eb; margin-top:32px; padding-top:24px;">\n                  <p style="margin:0 0 8px 0; font-size:14px; line-height:20px; color:#6b7280;">\n                    Best regards,<br>\n                    <strong style="color:#1f2937;">Indigo IT Support Team</strong><br>\n                    <a href="mailto:support@indigo.co.uk" style="color:#7c3aed; text-decoration:none;">support@indigo.co.uk</a>\n                  </p>\n                </div>\n              </td>\n            </tr>\n            \n            <!-- Footer -->\n            <tr>\n              <td style="background-color:#f9fafb; padding:20px 32px; border-radius:0 0 8px 8px; border-top:1px solid #e5e7eb;">\n                <p style="margin:0; font-size:12px; line-height:18px; color:#6b7280; text-align:center;">\n                  This password reset link expires in 24 hours for security purposes.<br>\n                  If you didn't request this, please contact IT Support immediately.\n                </p>\n              </td>\n            </tr>\n          </table>\n        </td>\n      </tr>\n    </table>\n    \n            <img src="http://localhost:8000/campaigns/t/0dfb7bb1-0987-4e45-8c0b-0c82eb30379f/open/" width="1" height="1"\n                 style="display:none; width:1px; height:1px; border:none;" alt="" />\n          </body>\n        </html>\n        	2025-11-25 02:28:16.827644+00	f	16	58
60	password	\n    \n      \n        \n          \n            \n            \n              \n                \n                  \n                    \n                      Indigo Accounts\n                      Single Sign-On Portal\n                    \n                  \n                \n              \n            \n            \n            \n            \n              \n                Hello Roshan,\n                \n                \n                  A request was received to reset the password for your Indigo Single Sign-On account.\n                \n                \n                \n                  If you made this request, please confirm it by clicking the button below. This link will expire in 24 hours.\n                \n                \n                \n                  \n                    \n                      \n                        Confirm Password Reset\n                      \n                    \n                  \n                  \n                    \n                      \n                         Report this email as suspicious\n                      \n                    \n                  \n                \n                \n                \n                  \n                    Important: If you did not make this request, please contact IT Support immediately \n                    and do not click the button above.\n                  \n                \n                \n                \n                  \n                    Best regards,\n                    Indigo IT Support Team\n                    support@indigo.co.uk\n                  \n                \n              \n            \n            \n            \n            \n              \n                \n                  This password reset link expires in 24 hours for security purposes.\n                  If you didn't request this, please contact IT Support immediately.\n                \n              \n            \n          \n        \n      \n    \n    \n\nIf you did not expect this message, please contact IT Support or report it here: http://localhost:8000/campaigns/t/593dddbc-58b3-4240-a57b-0edbabed08c1/report/\n	\n        <!DOCTYPE html>\n        <html lang="en">\n          <head>\n            <meta charset="UTF-8">\n            <meta name="viewport" content="width=device-width, initial-scale=1.0">\n            <meta http-equiv="X-UA-Compatible" content="IE=edge">\n          </head>\n          <body style="margin:0; padding:0; background-color:#f5f7fa; font-family:-apple-system,BlinkMacSystemFont,'Segoe UI',Roboto,'Helvetica Neue',Arial,sans-serif;">\n            \n    <table width="100%" cellpadding="0" cellspacing="0" style="background-color:#f5f7fa; font-family:-apple-system,BlinkMacSystemFont,'Segoe UI',Roboto,'Helvetica Neue',Arial,sans-serif;">\n      <tr>\n        <td align="center" style="padding:40px 20px;">\n          <table width="600" cellpadding="0" cellspacing="0" style="background-color:#ffffff; border-radius:8px; box-shadow:0 2px 8px rgba(0,0,0,0.08); max-width:600px;">\n            <!-- Header -->\n            <tr>\n              <td style="background:linear-gradient(135deg, #7c3aed 0%, #a855f7 100%); padding:24px 32px; border-radius:8px 8px 0 0;">\n                <table width="100%" cellpadding="0" cellspacing="0">\n                  <tr>\n                    <td>\n                      <div style="color:#ffffff; font-size:20px; font-weight:600; letter-spacing:-0.5px;">Indigo Accounts</div>\n                      <div style="color:rgba(255,255,255,0.9); font-size:13px; margin-top:4px;">Single Sign-On Portal</div>\n                    </td>\n                  </tr>\n                </table>\n              </td>\n            </tr>\n            \n            <!-- Content -->\n            <tr>\n              <td style="padding:32px;">\n                <p style="margin:0 0 16px 0; font-size:16px; line-height:24px; color:#1f2937;">Hello Roshan,</p>\n                \n                <p style="margin:0 0 20px 0; font-size:15px; line-height:24px; color:#374151;">\n                  A request was received to reset the password for your <strong style="color:#1f2937;">Indigo Single Sign-On</strong> account.\n                </p>\n                \n                <p style="margin:0 0 24px 0; font-size:15px; line-height:24px; color:#374151;">\n                  If you made this request, please confirm it by clicking the button below. This link will expire in 24 hours.\n                </p>\n                \n                <table width="100%" cellpadding="0" cellspacing="0" style="margin:28px 0;">\n                  <tr>\n                    <td align="center" style="padding:12px 0;">\n                      <a href="http://localhost:8000/campaigns/t/593dddbc-58b3-4240-a57b-0edbabed08c1/click/" style="background-color:#7c3aed; color:#ffffff; text-decoration:none; padding:14px 32px; border-radius:6px; font-weight:600; font-size:15px; display:inline-block; box-shadow:0 2px 4px rgba(124,58,237,0.3);">\n                        Confirm Password Reset\n                      </a>\n                    </td>\n                  </tr>\n                  <tr>\n                    <td align="center" style="padding:12px 0;">\n                      <a href="http://localhost:8000/campaigns/t/593dddbc-58b3-4240-a57b-0edbabed08c1/report/" style="color:#dc2626; text-decoration:none; font-size:14px; font-weight:500;">\n                         Report this email as suspicious\n                      </a>\n                    </td>\n                  </tr>\n                </table>\n                \n                <div style="background-color:#fee2e2; border-left:4px solid #ef4444; padding:16px; margin:24px 0; border-radius:4px;">\n                  <p style="margin:0; font-size:14px; line-height:20px; color:#991b1b;">\n                    <strong>Important:</strong> If you did <strong>not</strong> make this request, please contact IT Support immediately \n                    and do not click the button above.\n                  </p>\n                </div>\n                \n                <div style="border-top:1px solid #e5e7eb; margin-top:32px; padding-top:24px;">\n                  <p style="margin:0 0 8px 0; font-size:14px; line-height:20px; color:#6b7280;">\n                    Best regards,<br>\n                    <strong style="color:#1f2937;">Indigo IT Support Team</strong><br>\n                    <a href="mailto:support@indigo.co.uk" style="color:#7c3aed; text-decoration:none;">support@indigo.co.uk</a>\n                  </p>\n                </div>\n              </td>\n            </tr>\n            \n            <!-- Footer -->\n            <tr>\n              <td style="background-color:#f9fafb; padding:20px 32px; border-radius:0 0 8px 8px; border-top:1px solid #e5e7eb;">\n                <p style="margin:0; font-size:12px; line-height:18px; color:#6b7280; text-align:center;">\n                  This password reset link expires in 24 hours for security purposes.<br>\n                  If you didn't request this, please contact IT Support immediately.\n                </p>\n              </td>\n            </tr>\n          </table>\n        </td>\n      </tr>\n    </table>\n    \n            <img src="http://localhost:8000/campaigns/t/593dddbc-58b3-4240-a57b-0edbabed08c1/open/" width="1" height="1"\n                 style="display:none; width:1px; height:1px; border:none;" alt="" />\n          </body>\n        </html>\n        	2025-11-25 02:28:16.836712+00	t	16	59
62	password	\n    \n      \n        \n          \n            \n            \n              \n                \n                  \n                    \n                      Indigo Accounts\n                      Single Sign-On Portal\n                    \n                  \n                \n              \n            \n            \n            \n            \n              \n                Hello Nisha,\n                \n                \n                  A request was received to reset the password for your Indigo Single Sign-On account.\n                \n                \n                \n                  If you made this request, please confirm it by clicking the button below. This link will expire in 24 hours.\n                \n                \n                \n                  \n                    \n                      \n                        Confirm Password Reset\n                      \n                    \n                  \n                  \n                    \n                      \n                         Report this email as suspicious\n                      \n                    \n                  \n                \n                \n                \n                  \n                    Important: If you did not make this request, please contact IT Support immediately \n                    and do not click the button above.\n                  \n                \n                \n                \n                  \n                    Best regards,\n                    Indigo IT Support Team\n                    support@indigo.co.uk\n                  \n                \n              \n            \n            \n            \n            \n              \n                \n                  This password reset link expires in 24 hours for security purposes.\n                  If you didn't request this, please contact IT Support immediately.\n                \n              \n            \n          \n        \n      \n    \n    \n\nIf you did not expect this message, please contact IT Support or report it here: http://localhost:8000/campaigns/t/1416b1cd-aff5-459f-837f-0c84afeba864/report/\n	\n        <!DOCTYPE html>\n        <html lang="en">\n          <head>\n            <meta charset="UTF-8">\n            <meta name="viewport" content="width=device-width, initial-scale=1.0">\n            <meta http-equiv="X-UA-Compatible" content="IE=edge">\n          </head>\n          <body style="margin:0; padding:0; background-color:#f5f7fa; font-family:-apple-system,BlinkMacSystemFont,'Segoe UI',Roboto,'Helvetica Neue',Arial,sans-serif;">\n            \n    <table width="100%" cellpadding="0" cellspacing="0" style="background-color:#f5f7fa; font-family:-apple-system,BlinkMacSystemFont,'Segoe UI',Roboto,'Helvetica Neue',Arial,sans-serif;">\n      <tr>\n        <td align="center" style="padding:40px 20px;">\n          <table width="600" cellpadding="0" cellspacing="0" style="background-color:#ffffff; border-radius:8px; box-shadow:0 2px 8px rgba(0,0,0,0.08); max-width:600px;">\n            <!-- Header -->\n            <tr>\n              <td style="background:linear-gradient(135deg, #7c3aed 0%, #a855f7 100%); padding:24px 32px; border-radius:8px 8px 0 0;">\n                <table width="100%" cellpadding="0" cellspacing="0">\n                  <tr>\n                    <td>\n                      <div style="color:#ffffff; font-size:20px; font-weight:600; letter-spacing:-0.5px;">Indigo Accounts</div>\n                      <div style="color:rgba(255,255,255,0.9); font-size:13px; margin-top:4px;">Single Sign-On Portal</div>\n                    </td>\n                  </tr>\n                </table>\n              </td>\n            </tr>\n            \n            <!-- Content -->\n            <tr>\n              <td style="padding:32px;">\n                <p style="margin:0 0 16px 0; font-size:16px; line-height:24px; color:#1f2937;">Hello Nisha,</p>\n                \n                <p style="margin:0 0 20px 0; font-size:15px; line-height:24px; color:#374151;">\n                  A request was received to reset the password for your <strong style="color:#1f2937;">Indigo Single Sign-On</strong> account.\n                </p>\n                \n                <p style="margin:0 0 24px 0; font-size:15px; line-height:24px; color:#374151;">\n                  If you made this request, please confirm it by clicking the button below. This link will expire in 24 hours.\n                </p>\n                \n                <table width="100%" cellpadding="0" cellspacing="0" style="margin:28px 0;">\n                  <tr>\n                    <td align="center" style="padding:12px 0;">\n                      <a href="http://localhost:8000/campaigns/t/1416b1cd-aff5-459f-837f-0c84afeba864/click/" style="background-color:#7c3aed; color:#ffffff; text-decoration:none; padding:14px 32px; border-radius:6px; font-weight:600; font-size:15px; display:inline-block; box-shadow:0 2px 4px rgba(124,58,237,0.3);">\n                        Confirm Password Reset\n                      </a>\n                    </td>\n                  </tr>\n                  <tr>\n                    <td align="center" style="padding:12px 0;">\n                      <a href="http://localhost:8000/campaigns/t/1416b1cd-aff5-459f-837f-0c84afeba864/report/" style="color:#dc2626; text-decoration:none; font-size:14px; font-weight:500;">\n                         Report this email as suspicious\n                      </a>\n                    </td>\n                  </tr>\n                </table>\n                \n                <div style="background-color:#fee2e2; border-left:4px solid #ef4444; padding:16px; margin:24px 0; border-radius:4px;">\n                  <p style="margin:0; font-size:14px; line-height:20px; color:#991b1b;">\n                    <strong>Important:</strong> If you did <strong>not</strong> make this request, please contact IT Support immediately \n                    and do not click the button above.\n                  </p>\n                </div>\n                \n                <div style="border-top:1px solid #e5e7eb; margin-top:32px; padding-top:24px;">\n                  <p style="margin:0 0 8px 0; font-size:14px; line-height:20px; color:#6b7280;">\n                    Best regards,<br>\n                    <strong style="color:#1f2937;">Indigo IT Support Team</strong><br>\n                    <a href="mailto:support@indigo.co.uk" style="color:#7c3aed; text-decoration:none;">support@indigo.co.uk</a>\n                  </p>\n                </div>\n              </td>\n            </tr>\n            \n            <!-- Footer -->\n            <tr>\n              <td style="background-color:#f9fafb; padding:20px 32px; border-radius:0 0 8px 8px; border-top:1px solid #e5e7eb;">\n                <p style="margin:0; font-size:12px; line-height:18px; color:#6b7280; text-align:center;">\n                  This password reset link expires in 24 hours for security purposes.<br>\n                  If you didn't request this, please contact IT Support immediately.\n                </p>\n              </td>\n            </tr>\n          </table>\n        </td>\n      </tr>\n    </table>\n    \n            <img src="http://localhost:8000/campaigns/t/1416b1cd-aff5-459f-837f-0c84afeba864/open/" width="1" height="1"\n                 style="display:none; width:1px; height:1px; border:none;" alt="" />\n          </body>\n        </html>\n        	2025-11-25 02:28:16.855429+00	t	16	61
63	delivery rolled	\n    \n      \n        \n          \n            \n            \n              \n                \n                  \n                    \n                      Indigo Courier Service\n                      Package Delivery Notification\n                    \n                  \n                \n              \n            \n            \n            \n            \n              \n                Hi Ram,\n                \n                \n                  We attempted to deliver a package to your office address but were unable to complete the delivery.\n                \n                \n                \n                  Please confirm your delivery preferences so we can re-schedule the drop-off at your earliest convenience.\n                \n                \n                \n                  \n                    Urgent: If no action is taken within 48 hours, your package may be returned to the sender.\n                  \n                \n                \n                \n                  \n                    \n                      \n                        Manage Delivery\n                      \n                    \n                  \n                \n                \n                \n                  \n                    Best regards,\n                    Indigo Courier Service\n                    courier@indigo.co.uk\n                  \n                \n              \n            \n            \n            \n            \n              \n                \n                  Track your packages through the official Indigo Courier Service portal.\n                  For questions, contact our customer service team.\n                \n              \n            \n          \n        \n      \n    \n    \n\nIf you did not expect this message, please contact IT Support or report it here: http://localhost:8000/campaigns/t/b7438372-d5f6-44fb-b661-ae55b3782e3c/report/\n	\n        <!DOCTYPE html>\n        <html lang="en">\n          <head>\n            <meta charset="UTF-8">\n            <meta name="viewport" content="width=device-width, initial-scale=1.0">\n            <meta http-equiv="X-UA-Compatible" content="IE=edge">\n          </head>\n          <body style="margin:0; padding:0; background-color:#f5f7fa; font-family:-apple-system,BlinkMacSystemFont,'Segoe UI',Roboto,'Helvetica Neue',Arial,sans-serif;">\n            \n    <table width="100%" cellpadding="0" cellspacing="0" style="background-color:#f5f7fa; font-family:-apple-system,BlinkMacSystemFont,'Segoe UI',Roboto,'Helvetica Neue',Arial,sans-serif;">\n      <tr>\n        <td align="center" style="padding:40px 20px;">\n          <table width="600" cellpadding="0" cellspacing="0" style="background-color:#ffffff; border-radius:8px; box-shadow:0 2px 8px rgba(0,0,0,0.08); max-width:600px;">\n            <!-- Header -->\n            <tr>\n              <td style="background:linear-gradient(135deg, #ea580c 0%, #f97316 100%); padding:24px 32px; border-radius:8px 8px 0 0;">\n                <table width="100%" cellpadding="0" cellspacing="0">\n                  <tr>\n                    <td>\n                      <div style="color:#ffffff; font-size:20px; font-weight:600; letter-spacing:-0.5px;">Indigo Courier Service</div>\n                      <div style="color:rgba(255,255,255,0.9); font-size:13px; margin-top:4px;">Package Delivery Notification</div>\n                    </td>\n                  </tr>\n                </table>\n              </td>\n            </tr>\n            \n            <!-- Content -->\n            <tr>\n              <td style="padding:32px;">\n                <p style="margin:0 0 16px 0; font-size:16px; line-height:24px; color:#1f2937;">Hi Ram,</p>\n                \n                <p style="margin:0 0 20px 0; font-size:15px; line-height:24px; color:#374151;">\n                  We attempted to deliver a package to your office address but were unable to complete the delivery.\n                </p>\n                \n                <p style="margin:0 0 24px 0; font-size:15px; line-height:24px; color:#374151;">\n                  Please confirm your delivery preferences so we can re-schedule the drop-off at your earliest convenience.\n                </p>\n                \n                <div style="background-color:#fff7ed; border-left:4px solid #f97316; padding:16px; margin:24px 0; border-radius:4px;">\n                  <p style="margin:0; font-size:14px; line-height:20px; color:#9a3412;">\n                    <strong>Urgent:</strong> If no action is taken within 48 hours, your package may be returned to the sender.\n                  </p>\n                </div>\n                \n                <table width="100%" cellpadding="0" cellspacing="0" style="margin:28px 0;">\n                  <tr>\n                    <td align="center" style="padding:12px 0;">\n                      <a href="http://localhost:8000/campaigns/t/b7438372-d5f6-44fb-b661-ae55b3782e3c/click/" style="background-color:#ea580c; color:#ffffff; text-decoration:none; padding:14px 32px; border-radius:6px; font-weight:600; font-size:15px; display:inline-block; box-shadow:0 2px 4px rgba(234,88,12,0.3);">\n                        Manage Delivery\n                      </a>\n                    </td>\n                  </tr>\n                </table>\n                \n                <div style="border-top:1px solid #e5e7eb; margin-top:32px; padding-top:24px;">\n                  <p style="margin:0 0 8px 0; font-size:14px; line-height:20px; color:#6b7280;">\n                    Best regards,<br>\n                    <strong style="color:#1f2937;">Indigo Courier Service</strong><br>\n                    <a href="mailto:courier@indigo.co.uk" style="color:#ea580c; text-decoration:none;">courier@indigo.co.uk</a>\n                  </p>\n                </div>\n              </td>\n            </tr>\n            \n            <!-- Footer -->\n            <tr>\n              <td style="background-color:#f9fafb; padding:20px 32px; border-radius:0 0 8px 8px; border-top:1px solid #e5e7eb;">\n                <p style="margin:0; font-size:12px; line-height:18px; color:#6b7280; text-align:center;">\n                  Track your packages through the official Indigo Courier Service portal.<br>\n                  For questions, contact our customer service team.\n                </p>\n              </td>\n            </tr>\n          </table>\n        </td>\n      </tr>\n    </table>\n    \n            <img src="http://localhost:8000/campaigns/t/b7438372-d5f6-44fb-b661-ae55b3782e3c/open/" width="1" height="1"\n                 style="display:none; width:1px; height:1px; border:none;" alt="" />\n          </body>\n        </html>\n        	2025-11-25 15:45:04.477547+00	f	17	62
61	password	\n    \n      \n        \n          \n            \n            \n              \n                \n                  \n                    \n                      Indigo Accounts\n                      Single Sign-On Portal\n                    \n                  \n                \n              \n            \n            \n            \n            \n              \n                Hello Anjali,\n                \n                \n                  A request was received to reset the password for your Indigo Single Sign-On account.\n                \n                \n                \n                  If you made this request, please confirm it by clicking the button below. This link will expire in 24 hours.\n                \n                \n                \n                  \n                    \n                      \n                        Confirm Password Reset\n                      \n                    \n                  \n                  \n                    \n                      \n                         Report this email as suspicious\n                      \n                    \n                  \n                \n                \n                \n                  \n                    Important: If you did not make this request, please contact IT Support immediately \n                    and do not click the button above.\n                  \n                \n                \n                \n                  \n                    Best regards,\n                    Indigo IT Support Team\n                    support@indigo.co.uk\n                  \n                \n              \n            \n            \n            \n            \n              \n                \n                  This password reset link expires in 24 hours for security purposes.\n                  If you didn't request this, please contact IT Support immediately.\n                \n              \n            \n          \n        \n      \n    \n    \n\nIf you did not expect this message, please contact IT Support or report it here: http://localhost:8000/campaigns/t/b90f5427-99a4-47fc-8a40-5704eed95c35/report/\n	\n        <!DOCTYPE html>\n        <html lang="en">\n          <head>\n            <meta charset="UTF-8">\n            <meta name="viewport" content="width=device-width, initial-scale=1.0">\n            <meta http-equiv="X-UA-Compatible" content="IE=edge">\n          </head>\n          <body style="margin:0; padding:0; background-color:#f5f7fa; font-family:-apple-system,BlinkMacSystemFont,'Segoe UI',Roboto,'Helvetica Neue',Arial,sans-serif;">\n            \n    <table width="100%" cellpadding="0" cellspacing="0" style="background-color:#f5f7fa; font-family:-apple-system,BlinkMacSystemFont,'Segoe UI',Roboto,'Helvetica Neue',Arial,sans-serif;">\n      <tr>\n        <td align="center" style="padding:40px 20px;">\n          <table width="600" cellpadding="0" cellspacing="0" style="background-color:#ffffff; border-radius:8px; box-shadow:0 2px 8px rgba(0,0,0,0.08); max-width:600px;">\n            <!-- Header -->\n            <tr>\n              <td style="background:linear-gradient(135deg, #7c3aed 0%, #a855f7 100%); padding:24px 32px; border-radius:8px 8px 0 0;">\n                <table width="100%" cellpadding="0" cellspacing="0">\n                  <tr>\n                    <td>\n                      <div style="color:#ffffff; font-size:20px; font-weight:600; letter-spacing:-0.5px;">Indigo Accounts</div>\n                      <div style="color:rgba(255,255,255,0.9); font-size:13px; margin-top:4px;">Single Sign-On Portal</div>\n                    </td>\n                  </tr>\n                </table>\n              </td>\n            </tr>\n            \n            <!-- Content -->\n            <tr>\n              <td style="padding:32px;">\n                <p style="margin:0 0 16px 0; font-size:16px; line-height:24px; color:#1f2937;">Hello Anjali,</p>\n                \n                <p style="margin:0 0 20px 0; font-size:15px; line-height:24px; color:#374151;">\n                  A request was received to reset the password for your <strong style="color:#1f2937;">Indigo Single Sign-On</strong> account.\n                </p>\n                \n                <p style="margin:0 0 24px 0; font-size:15px; line-height:24px; color:#374151;">\n                  If you made this request, please confirm it by clicking the button below. This link will expire in 24 hours.\n                </p>\n                \n                <table width="100%" cellpadding="0" cellspacing="0" style="margin:28px 0;">\n                  <tr>\n                    <td align="center" style="padding:12px 0;">\n                      <a href="http://localhost:8000/campaigns/t/b90f5427-99a4-47fc-8a40-5704eed95c35/click/" style="background-color:#7c3aed; color:#ffffff; text-decoration:none; padding:14px 32px; border-radius:6px; font-weight:600; font-size:15px; display:inline-block; box-shadow:0 2px 4px rgba(124,58,237,0.3);">\n                        Confirm Password Reset\n                      </a>\n                    </td>\n                  </tr>\n                  <tr>\n                    <td align="center" style="padding:12px 0;">\n                      <a href="http://localhost:8000/campaigns/t/b90f5427-99a4-47fc-8a40-5704eed95c35/report/" style="color:#dc2626; text-decoration:none; font-size:14px; font-weight:500;">\n                         Report this email as suspicious\n                      </a>\n                    </td>\n                  </tr>\n                </table>\n                \n                <div style="background-color:#fee2e2; border-left:4px solid #ef4444; padding:16px; margin:24px 0; border-radius:4px;">\n                  <p style="margin:0; font-size:14px; line-height:20px; color:#991b1b;">\n                    <strong>Important:</strong> If you did <strong>not</strong> make this request, please contact IT Support immediately \n                    and do not click the button above.\n                  </p>\n                </div>\n                \n                <div style="border-top:1px solid #e5e7eb; margin-top:32px; padding-top:24px;">\n                  <p style="margin:0 0 8px 0; font-size:14px; line-height:20px; color:#6b7280;">\n                    Best regards,<br>\n                    <strong style="color:#1f2937;">Indigo IT Support Team</strong><br>\n                    <a href="mailto:support@indigo.co.uk" style="color:#7c3aed; text-decoration:none;">support@indigo.co.uk</a>\n                  </p>\n                </div>\n              </td>\n            </tr>\n            \n            <!-- Footer -->\n            <tr>\n              <td style="background-color:#f9fafb; padding:20px 32px; border-radius:0 0 8px 8px; border-top:1px solid #e5e7eb;">\n                <p style="margin:0; font-size:12px; line-height:18px; color:#6b7280; text-align:center;">\n                  This password reset link expires in 24 hours for security purposes.<br>\n                  If you didn't request this, please contact IT Support immediately.\n                </p>\n              </td>\n            </tr>\n          </table>\n        </td>\n      </tr>\n    </table>\n    \n            <img src="http://localhost:8000/campaigns/t/b90f5427-99a4-47fc-8a40-5704eed95c35/open/" width="1" height="1"\n                 style="display:none; width:1px; height:1px; border:none;" alt="" />\n          </body>\n        </html>\n        	2025-11-25 02:28:16.846816+00	t	16	60
64	delivery rolled	\n    \n      \n        \n          \n            \n            \n              \n                \n                  \n                    \n                      Indigo Courier Service\n                      Package Delivery Notification\n                    \n                  \n                \n              \n            \n            \n            \n            \n              \n                Hi Sita,\n                \n                \n                  We attempted to deliver a package to your office address but were unable to complete the delivery.\n                \n                \n                \n                  Please confirm your delivery preferences so we can re-schedule the drop-off at your earliest convenience.\n                \n                \n                \n                  \n                    Urgent: If no action is taken within 48 hours, your package may be returned to the sender.\n                  \n                \n                \n                \n                  \n                    \n                      \n                        Manage Delivery\n                      \n                    \n                  \n                \n                \n                \n                  \n                    Best regards,\n                    Indigo Courier Service\n                    courier@indigo.co.uk\n                  \n                \n              \n            \n            \n            \n            \n              \n                \n                  Track your packages through the official Indigo Courier Service portal.\n                  For questions, contact our customer service team.\n                \n              \n            \n          \n        \n      \n    \n    \n\nIf you did not expect this message, please contact IT Support or report it here: http://localhost:8000/campaigns/t/3f0e2f58-d74d-49fb-b145-dc57843f3364/report/\n	\n        <!DOCTYPE html>\n        <html lang="en">\n          <head>\n            <meta charset="UTF-8">\n            <meta name="viewport" content="width=device-width, initial-scale=1.0">\n            <meta http-equiv="X-UA-Compatible" content="IE=edge">\n          </head>\n          <body style="margin:0; padding:0; background-color:#f5f7fa; font-family:-apple-system,BlinkMacSystemFont,'Segoe UI',Roboto,'Helvetica Neue',Arial,sans-serif;">\n            \n    <table width="100%" cellpadding="0" cellspacing="0" style="background-color:#f5f7fa; font-family:-apple-system,BlinkMacSystemFont,'Segoe UI',Roboto,'Helvetica Neue',Arial,sans-serif;">\n      <tr>\n        <td align="center" style="padding:40px 20px;">\n          <table width="600" cellpadding="0" cellspacing="0" style="background-color:#ffffff; border-radius:8px; box-shadow:0 2px 8px rgba(0,0,0,0.08); max-width:600px;">\n            <!-- Header -->\n            <tr>\n              <td style="background:linear-gradient(135deg, #ea580c 0%, #f97316 100%); padding:24px 32px; border-radius:8px 8px 0 0;">\n                <table width="100%" cellpadding="0" cellspacing="0">\n                  <tr>\n                    <td>\n                      <div style="color:#ffffff; font-size:20px; font-weight:600; letter-spacing:-0.5px;">Indigo Courier Service</div>\n                      <div style="color:rgba(255,255,255,0.9); font-size:13px; margin-top:4px;">Package Delivery Notification</div>\n                    </td>\n                  </tr>\n                </table>\n              </td>\n            </tr>\n            \n            <!-- Content -->\n            <tr>\n              <td style="padding:32px;">\n                <p style="margin:0 0 16px 0; font-size:16px; line-height:24px; color:#1f2937;">Hi Sita,</p>\n                \n                <p style="margin:0 0 20px 0; font-size:15px; line-height:24px; color:#374151;">\n                  We attempted to deliver a package to your office address but were unable to complete the delivery.\n                </p>\n                \n                <p style="margin:0 0 24px 0; font-size:15px; line-height:24px; color:#374151;">\n                  Please confirm your delivery preferences so we can re-schedule the drop-off at your earliest convenience.\n                </p>\n                \n                <div style="background-color:#fff7ed; border-left:4px solid #f97316; padding:16px; margin:24px 0; border-radius:4px;">\n                  <p style="margin:0; font-size:14px; line-height:20px; color:#9a3412;">\n                    <strong>Urgent:</strong> If no action is taken within 48 hours, your package may be returned to the sender.\n                  </p>\n                </div>\n                \n                <table width="100%" cellpadding="0" cellspacing="0" style="margin:28px 0;">\n                  <tr>\n                    <td align="center" style="padding:12px 0;">\n                      <a href="http://localhost:8000/campaigns/t/3f0e2f58-d74d-49fb-b145-dc57843f3364/click/" style="background-color:#ea580c; color:#ffffff; text-decoration:none; padding:14px 32px; border-radius:6px; font-weight:600; font-size:15px; display:inline-block; box-shadow:0 2px 4px rgba(234,88,12,0.3);">\n                        Manage Delivery\n                      </a>\n                    </td>\n                  </tr>\n                </table>\n                \n                <div style="border-top:1px solid #e5e7eb; margin-top:32px; padding-top:24px;">\n                  <p style="margin:0 0 8px 0; font-size:14px; line-height:20px; color:#6b7280;">\n                    Best regards,<br>\n                    <strong style="color:#1f2937;">Indigo Courier Service</strong><br>\n                    <a href="mailto:courier@indigo.co.uk" style="color:#ea580c; text-decoration:none;">courier@indigo.co.uk</a>\n                  </p>\n                </div>\n              </td>\n            </tr>\n            \n            <!-- Footer -->\n            <tr>\n              <td style="background-color:#f9fafb; padding:20px 32px; border-radius:0 0 8px 8px; border-top:1px solid #e5e7eb;">\n                <p style="margin:0; font-size:12px; line-height:18px; color:#6b7280; text-align:center;">\n                  Track your packages through the official Indigo Courier Service portal.<br>\n                  For questions, contact our customer service team.\n                </p>\n              </td>\n            </tr>\n          </table>\n        </td>\n      </tr>\n    </table>\n    \n            <img src="http://localhost:8000/campaigns/t/3f0e2f58-d74d-49fb-b145-dc57843f3364/open/" width="1" height="1"\n                 style="display:none; width:1px; height:1px; border:none;" alt="" />\n          </body>\n        </html>\n        	2025-11-25 15:45:04.491971+00	f	17	63
\.


--
-- Data for Name: campaigns_campaignrecipient; Type: TABLE DATA; Schema: public; Owner: phishing_user
--

COPY public.campaigns_campaignrecipient (id, tracking_id, is_active, created_at, campaign_id, recipient_id) FROM stdin;
1	874c1282-3d7f-4a81-9c4c-deb92c52d2cc	t	2025-11-13 20:08:56.7639+00	2	1
2	bdb39ddd-13f2-4e17-aa96-1616f60aa7ca	t	2025-11-13 20:08:56.768109+00	2	2
3	27f86e45-93f3-4b6f-a6bc-77c3fdcd99ff	t	2025-11-13 20:08:56.769373+00	2	3
4	50a7961b-72f7-4cd8-84a5-9def8df59bb8	t	2025-11-13 20:08:56.770496+00	2	4
5	c912d30e-f5b1-4a66-9485-381615e6d52d	t	2025-11-13 20:08:56.771787+00	2	5
6	8d7f44b6-f32e-4312-b3f4-003d836bf2f1	t	2025-11-18 00:45:18.576685+00	5	1
7	df92f25e-2554-4099-9a66-940553ca7615	t	2025-11-18 00:45:18.579867+00	5	2
8	4b360ef7-f35c-430c-a4fb-6596c97eae7e	t	2025-11-18 00:45:18.580682+00	5	3
9	b06cd7a3-c333-4c74-a0dd-520e9ceb139a	t	2025-11-18 00:45:18.581419+00	5	4
10	62db0845-a01a-4228-970f-1d4dda5378f1	t	2025-11-18 00:45:18.582134+00	5	5
11	56846240-1254-46ab-9066-770a9486813b	t	2025-11-18 00:56:32.106062+00	6	1
12	cd554f87-5a83-4019-b66f-b6ab568a9658	t	2025-11-18 00:56:32.108004+00	6	2
13	a7341093-7551-4591-994f-d3fbaabe312c	t	2025-11-18 00:56:32.109274+00	6	3
14	c6d54e6f-f851-4519-830b-e011e51fdc75	t	2025-11-18 00:56:32.110543+00	6	4
15	6ace6424-f9e0-440f-98e4-af23cbcfa83d	t	2025-11-18 00:56:32.111847+00	6	5
16	3df70e4c-3f95-4314-bc65-285cbd18a6b1	t	2025-11-18 01:04:16.153723+00	7	1
17	66b02161-6e97-40ec-b46d-625657e6cb20	t	2025-11-18 01:04:16.15631+00	7	2
18	7b5fb2d8-cfb3-4277-8fb7-e6c4db881c75	t	2025-11-18 01:04:16.157998+00	7	3
19	09b6ebdd-25dd-434c-8751-3dc68b3da299	t	2025-11-18 01:04:16.159659+00	7	4
20	cca37700-aa20-4926-81c6-8a40618e65c1	t	2025-11-18 01:04:16.161368+00	7	5
21	3916d751-1a19-4b74-a7b9-31d5619af137	t	2025-11-18 01:13:01.43073+00	7	6
22	bd885641-8349-4ae2-8316-be2562559226	t	2025-11-18 02:04:27.578596+00	8	1
23	7c00d7a0-4326-4676-9d10-5aeb34a3e4c9	t	2025-11-18 02:04:27.583001+00	8	2
24	e59f1f44-efda-4b4d-8cb9-5c6787d8c6e5	t	2025-11-18 02:04:27.584197+00	8	6
25	c39dcc3c-9327-4431-8614-886ae06a052f	t	2025-11-18 02:04:27.585135+00	8	4
26	f6b014a6-34e2-40fb-a9e7-ccd355e6c340	t	2025-11-18 02:04:27.586153+00	8	5
27	5298a431-5b39-4eb9-aaf7-60e0b3cce812	t	2025-11-18 02:23:22.723343+00	9	1
28	30200838-3e1f-4f51-aa41-ab2301027e70	t	2025-11-18 02:23:22.724982+00	9	2
29	09712519-4b9c-40f2-b549-42fc75215044	t	2025-11-18 02:23:22.726+00	9	6
30	1b9361b4-3a11-44c3-82eb-cd8c89aeb31b	t	2025-11-18 02:23:22.727012+00	9	4
31	16dfc996-d3fc-4dee-acd7-246e524149bc	t	2025-11-18 02:23:22.727965+00	9	5
32	f509ea43-b922-4e07-b1e8-c4dcbd1d85a9	t	2025-11-18 02:33:38.747383+00	10	1
33	1b87a952-ebe0-4e01-aa1f-03c507f1bfa0	t	2025-11-18 02:33:38.749115+00	10	2
34	863e1065-fd61-44eb-bc67-7ac969d49ba5	t	2025-11-18 02:33:38.750164+00	10	6
35	e401563e-cb6e-47c6-a947-c2af86944ffc	t	2025-11-18 02:33:38.751115+00	10	4
36	51e1b516-3b1f-4028-aac9-868e077bb40b	t	2025-11-18 02:33:38.752017+00	10	5
37	72aa15df-3216-4d20-aacb-4f31e6e416c0	t	2025-11-18 03:45:35.320373+00	11	1
38	adc747ac-4322-4a57-aeb3-8ff18ae88562	t	2025-11-18 03:45:35.323619+00	11	2
39	22082ac9-2268-49af-88d8-57285fe44d19	t	2025-11-18 03:45:35.324685+00	11	6
40	2efc3795-6996-4b82-a2ae-f8d621445707	t	2025-11-18 03:45:35.325627+00	11	4
41	b020958d-90cb-42bf-af90-f35e6925ae7e	t	2025-11-18 03:45:35.326601+00	11	5
42	b804b10b-4c75-4ccc-a555-c4465048d795	t	2025-11-19 14:45:13.993098+00	13	1
43	6c45bd5a-95e5-4986-81e6-08b5fb0746d9	t	2025-11-19 14:45:13.996059+00	13	2
44	650ed918-e2c9-44b0-80ae-c2df9c39ea73	t	2025-11-19 14:45:13.997218+00	13	6
45	3bfa3b31-6d48-4ef5-a953-106dcf7f3161	t	2025-11-19 14:45:13.997999+00	13	4
46	718ddf8f-ff13-4973-a064-8899772170e6	t	2025-11-19 14:45:13.99873+00	13	5
47	e23816b5-e981-48fa-9557-ea58a6a21712	t	2025-11-20 14:15:22.981941+00	14	1
48	2cede6b4-4c89-4781-9e50-14708e62f0f5	t	2025-11-20 14:15:22.986857+00	14	2
49	32f4e5af-1fd7-46c3-98ee-cdc43177f4be	t	2025-11-20 14:15:22.987908+00	14	6
50	0f1d5f3f-1f68-4d12-a9c3-77563d5cc949	t	2025-11-20 14:15:22.988793+00	14	4
51	e8c734b6-acf0-4231-858d-277a2d4e80ed	t	2025-11-20 14:15:22.989672+00	14	5
52	23091eb2-23eb-4f5e-8dde-591fedbfd4e1	t	2025-11-25 02:16:35.017612+00	15	1
53	ead75576-ab84-4bf4-b307-bdba626da61d	t	2025-11-25 02:16:35.020329+00	15	2
54	b5d2cd3e-6ac9-495f-8689-f359cff63e16	t	2025-11-25 02:16:35.021427+00	15	6
55	0247e0d1-adfb-4ee7-827b-006ec9bd4192	t	2025-11-25 02:16:35.0222+00	15	4
56	e408654a-5a2d-4414-9c38-5a7e2f8726fd	t	2025-11-25 02:16:35.023004+00	15	5
57	bf508b48-88ad-4235-b10e-18942e43a612	t	2025-11-25 02:28:14.706682+00	16	1
58	0dfb7bb1-0987-4e45-8c0b-0c82eb30379f	t	2025-11-25 02:28:14.710753+00	16	2
59	593dddbc-58b3-4240-a57b-0edbabed08c1	t	2025-11-25 02:28:14.712067+00	16	6
60	b90f5427-99a4-47fc-8a40-5704eed95c35	t	2025-11-25 02:28:14.713054+00	16	4
61	1416b1cd-aff5-459f-837f-0c84afeba864	t	2025-11-25 02:28:14.714325+00	16	5
62	b7438372-d5f6-44fb-b661-ae55b3782e3c	t	2025-11-25 15:45:02.60466+00	17	1
63	3f0e2f58-d74d-49fb-b145-dc57843f3364	t	2025-11-25 15:45:02.607506+00	17	2
64	621cfe57-17b5-4da1-97d0-3a103314e3ba	t	2025-11-25 15:45:02.608351+00	17	6
65	da565ea9-5587-46ad-b93f-f21473accfdf	t	2025-11-25 15:45:02.609146+00	17	4
66	b7375d5d-4730-4086-a1b5-3d4a3f9ee026	t	2025-11-25 15:45:02.609907+00	17	5
\.


--
-- Data for Name: campaigns_emailtemplate; Type: TABLE DATA; Schema: public; Owner: phishing_user
--

COPY public.campaigns_emailtemplate (id, name, subject, body, learning_points, created_at, created_by_id, scenario, html_content, sender_email, sender_name, template_type, updated_at) FROM stdin;
1	sita	new hire	this is urgent email		2025-11-13 19:48:39.703029+00	2	IT_ALERT				SCENARIO	2025-11-26 02:00:32.080178+00
2	email	yo yo	gzzbzgxfb		2025-11-18 02:03:58.792817+00	2	IT_ALERT				SCENARIO	2025-11-26 02:00:32.080178+00
3	HR policy	policy			2025-11-18 02:22:40.719769+00	3	HR_POLICY				SCENARIO	2025-11-26 02:00:32.080178+00
4	password reset	password			2025-11-18 02:33:13.710849+00	3	PASSWORD_RESET				SCENARIO	2025-11-26 02:00:32.080178+00
5	PayRoll	this is your payroll of this month			2025-11-18 03:44:38.500036+00	2	PAYROLL				SCENARIO	2025-11-26 02:00:32.080178+00
6	Delivery	delivery rolled			2025-11-25 15:44:26.777625+00	2	DELIVERY				SCENARIO	2025-11-26 02:00:32.080178+00
\.


--
-- Data for Name: campaigns_event; Type: TABLE DATA; Schema: public; Owner: phishing_user
--

COPY public.campaigns_event (id, event_type, created_at, user_agent, ip_hash, campaign_recipient_id) FROM stdin;
1	OPEN	2025-11-13 20:10:20.007889+00	Mozilla/5.0 (Macintosh; Intel Mac OS X 10_15_7) AppleWebKit/537.36 (KHTML, like Gecko) Chrome/142.0.0.0 Safari/537.36	4e73a25351065e2b4628603507468bae8762ca9c65e9ec82736506215b68b0be	5
2	OPEN	2025-11-13 20:10:40.027321+00	Mozilla/5.0 (Macintosh; Intel Mac OS X 10_15_7) AppleWebKit/537.36 (KHTML, like Gecko) Chrome/142.0.0.0 Safari/537.36	4e73a25351065e2b4628603507468bae8762ca9c65e9ec82736506215b68b0be	5
3	CLICK	2025-11-13 20:11:04.115549+00	Mozilla/5.0 (Macintosh; Intel Mac OS X 10_15_7) AppleWebKit/537.36 (KHTML, like Gecko) Chrome/142.0.0.0 Safari/537.36	4e73a25351065e2b4628603507468bae8762ca9c65e9ec82736506215b68b0be	5
4	OPEN	2025-11-13 20:11:35.771244+00	Mozilla/5.0 (Macintosh; Intel Mac OS X 10_15_7) AppleWebKit/537.36 (KHTML, like Gecko) Chrome/142.0.0.0 Safari/537.36	4e73a25351065e2b4628603507468bae8762ca9c65e9ec82736506215b68b0be	4
5	REPORT	2025-11-13 20:11:43.22788+00	Mozilla/5.0 (Macintosh; Intel Mac OS X 10_15_7) AppleWebKit/537.36 (KHTML, like Gecko) Chrome/142.0.0.0 Safari/537.36	4e73a25351065e2b4628603507468bae8762ca9c65e9ec82736506215b68b0be	4
6	REPORT	2025-11-13 20:11:44.962903+00	Mozilla/5.0 (Macintosh; Intel Mac OS X 10_15_7) AppleWebKit/537.36 (KHTML, like Gecko) Chrome/142.0.0.0 Safari/537.36	4e73a25351065e2b4628603507468bae8762ca9c65e9ec82736506215b68b0be	4
7	OPEN	2025-11-13 20:15:59.047908+00	Mozilla/5.0 (Macintosh; Intel Mac OS X 10_15_7) AppleWebKit/537.36 (KHTML, like Gecko) Chrome/142.0.0.0 Safari/537.36	4e73a25351065e2b4628603507468bae8762ca9c65e9ec82736506215b68b0be	1
8	OPEN	2025-11-13 22:09:48.697877+00	Mozilla/5.0 (Macintosh; Intel Mac OS X 10_15_7) AppleWebKit/537.36 (KHTML, like Gecko) Chrome/142.0.0.0 Safari/537.36	4e73a25351065e2b4628603507468bae8762ca9c65e9ec82736506215b68b0be	5
9	OPEN	2025-11-18 01:15:59.367017+00	Mozilla/5.0 (Macintosh; Intel Mac OS X 10_15_7) AppleWebKit/537.36 (KHTML, like Gecko) Chrome/142.0.0.0 Safari/537.36	4e73a25351065e2b4628603507468bae8762ca9c65e9ec82736506215b68b0be	20
10	CLICK	2025-11-18 01:16:12.663021+00	Mozilla/5.0 (Macintosh; Intel Mac OS X 10_15_7) AppleWebKit/605.1.15 (KHTML, like Gecko) Version/17.2.1 Safari/605.1.15	4e73a25351065e2b4628603507468bae8762ca9c65e9ec82736506215b68b0be	20
11	OPEN	2025-11-18 01:19:10.286372+00	Mozilla/5.0 (Macintosh; Intel Mac OS X 10_15_7) AppleWebKit/537.36 (KHTML, like Gecko) Chrome/142.0.0.0 Safari/537.36	4e73a25351065e2b4628603507468bae8762ca9c65e9ec82736506215b68b0be	21
12	OPEN	2025-11-18 01:19:15.893235+00	Mozilla/5.0 (Macintosh; Intel Mac OS X 10_15_7) AppleWebKit/537.36 (KHTML, like Gecko) Chrome/142.0.0.0 Safari/537.36	4e73a25351065e2b4628603507468bae8762ca9c65e9ec82736506215b68b0be	21
13	OPEN	2025-11-18 01:20:51.820716+00	Mozilla/5.0 (Macintosh; Intel Mac OS X 10_15_7) AppleWebKit/537.36 (KHTML, like Gecko) Chrome/142.0.0.0 Safari/537.36	4e73a25351065e2b4628603507468bae8762ca9c65e9ec82736506215b68b0be	21
14	OPEN	2025-11-18 01:22:07.256882+00	Mozilla/5.0 (Macintosh; Intel Mac OS X 10_15_7) AppleWebKit/537.36 (KHTML, like Gecko) Chrome/142.0.0.0 Safari/537.36	4e73a25351065e2b4628603507468bae8762ca9c65e9ec82736506215b68b0be	21
15	OPEN	2025-11-18 01:22:29.571377+00	Mozilla/5.0 (Macintosh; Intel Mac OS X 10_15_7) AppleWebKit/537.36 (KHTML, like Gecko) Chrome/142.0.0.0 Safari/537.36	4e73a25351065e2b4628603507468bae8762ca9c65e9ec82736506215b68b0be	21
16	CLICK	2025-11-18 01:26:25.327785+00	Mozilla/5.0 (Macintosh; Intel Mac OS X 10_15_7) AppleWebKit/537.36 (KHTML, like Gecko) Chrome/142.0.0.0 Safari/537.36	4e73a25351065e2b4628603507468bae8762ca9c65e9ec82736506215b68b0be	21
17	REPORT	2025-11-18 01:26:38.282551+00	Mozilla/5.0 (Macintosh; Intel Mac OS X 10_15_7) AppleWebKit/537.36 (KHTML, like Gecko) Chrome/142.0.0.0 Safari/537.36	4e73a25351065e2b4628603507468bae8762ca9c65e9ec82736506215b68b0be	21
18	CLICK	2025-11-18 01:26:43.722326+00	Mozilla/5.0 (Macintosh; Intel Mac OS X 10_15_7) AppleWebKit/537.36 (KHTML, like Gecko) Chrome/142.0.0.0 Safari/537.36	4e73a25351065e2b4628603507468bae8762ca9c65e9ec82736506215b68b0be	21
19	OPEN	2025-11-18 01:29:16.051325+00	Mozilla/5.0 (Macintosh; Intel Mac OS X 10_15_7) AppleWebKit/537.36 (KHTML, like Gecko) Chrome/142.0.0.0 Safari/537.36	4e73a25351065e2b4628603507468bae8762ca9c65e9ec82736506215b68b0be	21
20	CLICK	2025-11-18 01:29:26.395904+00	Mozilla/5.0 (Macintosh; Intel Mac OS X 10_15_7) AppleWebKit/537.36 (KHTML, like Gecko) Chrome/142.0.0.0 Safari/537.36	4e73a25351065e2b4628603507468bae8762ca9c65e9ec82736506215b68b0be	21
21	REPORT	2025-11-18 01:46:41.801387+00	Mozilla/5.0 (Macintosh; Intel Mac OS X 10_15_7) AppleWebKit/537.36 (KHTML, like Gecko) Chrome/142.0.0.0 Safari/537.36	4e73a25351065e2b4628603507468bae8762ca9c65e9ec82736506215b68b0be	21
22	REPORT	2025-11-18 01:49:59.907262+00	Mozilla/5.0 (Macintosh; Intel Mac OS X 10_15_7) AppleWebKit/537.36 (KHTML, like Gecko) Chrome/142.0.0.0 Safari/537.36	4e73a25351065e2b4628603507468bae8762ca9c65e9ec82736506215b68b0be	21
23	OPEN	2025-11-18 02:04:36.117399+00	Mozilla/5.0 (Macintosh; Intel Mac OS X 10_15_7) AppleWebKit/537.36 (KHTML, like Gecko) Chrome/142.0.0.0 Safari/537.36	4e73a25351065e2b4628603507468bae8762ca9c65e9ec82736506215b68b0be	24
24	OPEN	2025-11-18 02:06:56.159588+00	Mozilla/5.0 (Macintosh; Intel Mac OS X 10_15_7) AppleWebKit/537.36 (KHTML, like Gecko) Chrome/142.0.0.0 Safari/537.36	4e73a25351065e2b4628603507468bae8762ca9c65e9ec82736506215b68b0be	24
25	CLICK	2025-11-18 02:07:00.971295+00	Mozilla/5.0 (Macintosh; Intel Mac OS X 10_15_7) AppleWebKit/537.36 (KHTML, like Gecko) Chrome/142.0.0.0 Safari/537.36	4e73a25351065e2b4628603507468bae8762ca9c65e9ec82736506215b68b0be	24
26	CLICK	2025-11-18 02:07:25.318439+00	Mozilla/5.0 (Macintosh; Intel Mac OS X 10_15_7) AppleWebKit/537.36 (KHTML, like Gecko) Chrome/142.0.0.0 Safari/537.36	4e73a25351065e2b4628603507468bae8762ca9c65e9ec82736506215b68b0be	24
27	OPEN	2025-11-18 02:08:56.74858+00	Mozilla/5.0 (Macintosh; Intel Mac OS X 10_15_7) AppleWebKit/537.36 (KHTML, like Gecko) Chrome/142.0.0.0 Safari/537.36	4e73a25351065e2b4628603507468bae8762ca9c65e9ec82736506215b68b0be	24
28	OPEN	2025-11-18 02:09:01.545916+00	Mozilla/5.0 (Macintosh; Intel Mac OS X 10_15_7) AppleWebKit/537.36 (KHTML, like Gecko) Chrome/142.0.0.0 Safari/537.36	4e73a25351065e2b4628603507468bae8762ca9c65e9ec82736506215b68b0be	24
29	OPEN	2025-11-18 02:09:08.232904+00	Mozilla/5.0 (Macintosh; Intel Mac OS X 10_15_7) AppleWebKit/537.36 (KHTML, like Gecko) Chrome/142.0.0.0 Safari/537.36	4e73a25351065e2b4628603507468bae8762ca9c65e9ec82736506215b68b0be	24
30	OPEN	2025-11-18 02:09:48.244018+00	Mozilla/5.0 (Macintosh; Intel Mac OS X 10_15_7) AppleWebKit/537.36 (KHTML, like Gecko) Chrome/142.0.0.0 Safari/537.36	4e73a25351065e2b4628603507468bae8762ca9c65e9ec82736506215b68b0be	24
31	CLICK	2025-11-18 02:09:52.398929+00	Mozilla/5.0 (Macintosh; Intel Mac OS X 10_15_7) AppleWebKit/537.36 (KHTML, like Gecko) Chrome/142.0.0.0 Safari/537.36	4e73a25351065e2b4628603507468bae8762ca9c65e9ec82736506215b68b0be	24
32	OPEN	2025-11-18 02:11:42.110249+00	Mozilla/5.0 (Macintosh; Intel Mac OS X 10_15_7) AppleWebKit/537.36 (KHTML, like Gecko) Chrome/142.0.0.0 Safari/537.36	4e73a25351065e2b4628603507468bae8762ca9c65e9ec82736506215b68b0be	24
33	OPEN	2025-11-18 02:11:49.047474+00	Mozilla/5.0 (Macintosh; Intel Mac OS X 10_15_7) AppleWebKit/537.36 (KHTML, like Gecko) Chrome/142.0.0.0 Safari/537.36	4e73a25351065e2b4628603507468bae8762ca9c65e9ec82736506215b68b0be	24
34	OPEN	2025-11-18 02:12:13.034248+00	Mozilla/5.0 (Macintosh; Intel Mac OS X 10_15_7) AppleWebKit/537.36 (KHTML, like Gecko) Chrome/142.0.0.0 Safari/537.36	4e73a25351065e2b4628603507468bae8762ca9c65e9ec82736506215b68b0be	24
35	OPEN	2025-11-18 02:12:15.799773+00	Mozilla/5.0 (Macintosh; Intel Mac OS X 10_15_7) AppleWebKit/537.36 (KHTML, like Gecko) Chrome/142.0.0.0 Safari/537.36	4e73a25351065e2b4628603507468bae8762ca9c65e9ec82736506215b68b0be	24
36	OPEN	2025-11-18 02:12:42.646149+00	Mozilla/5.0 (Macintosh; Intel Mac OS X 10_15_7) AppleWebKit/537.36 (KHTML, like Gecko) Chrome/142.0.0.0 Safari/537.36	4e73a25351065e2b4628603507468bae8762ca9c65e9ec82736506215b68b0be	24
37	OPEN	2025-11-18 02:17:23.003082+00	Mozilla/5.0 (Macintosh; Intel Mac OS X 10_15_7) AppleWebKit/537.36 (KHTML, like Gecko) Chrome/142.0.0.0 Safari/537.36	4e73a25351065e2b4628603507468bae8762ca9c65e9ec82736506215b68b0be	24
38	OPEN	2025-11-18 02:23:40.218902+00	Mozilla/5.0 (Macintosh; Intel Mac OS X 10_15_7) AppleWebKit/537.36 (KHTML, like Gecko) Chrome/142.0.0.0 Safari/537.36	4e73a25351065e2b4628603507468bae8762ca9c65e9ec82736506215b68b0be	29
39	CLICK	2025-11-18 02:23:55.084457+00	Mozilla/5.0 (Macintosh; Intel Mac OS X 10_15_7) AppleWebKit/537.36 (KHTML, like Gecko) Chrome/142.0.0.0 Safari/537.36	4e73a25351065e2b4628603507468bae8762ca9c65e9ec82736506215b68b0be	29
40	OPEN	2025-11-18 02:27:52.134797+00	Mozilla/5.0 (Macintosh; Intel Mac OS X 10_15_7) AppleWebKit/537.36 (KHTML, like Gecko) Chrome/142.0.0.0 Safari/537.36	4e73a25351065e2b4628603507468bae8762ca9c65e9ec82736506215b68b0be	21
41	OPEN	2025-11-18 02:32:14.284279+00	Mozilla/5.0 (Macintosh; Intel Mac OS X 10_15_7) AppleWebKit/537.36 (KHTML, like Gecko) Chrome/142.0.0.0 Safari/537.36	4e73a25351065e2b4628603507468bae8762ca9c65e9ec82736506215b68b0be	29
42	CLICK	2025-11-18 02:32:18.672276+00	Mozilla/5.0 (Macintosh; Intel Mac OS X 10_15_7) AppleWebKit/537.36 (KHTML, like Gecko) Chrome/142.0.0.0 Safari/537.36	4e73a25351065e2b4628603507468bae8762ca9c65e9ec82736506215b68b0be	29
43	OPEN	2025-11-18 02:32:38.777692+00	Mozilla/5.0 (Macintosh; Intel Mac OS X 10_15_7) AppleWebKit/537.36 (KHTML, like Gecko) Chrome/142.0.0.0 Safari/537.36	4e73a25351065e2b4628603507468bae8762ca9c65e9ec82736506215b68b0be	29
44	OPEN	2025-11-18 02:32:41.349781+00	Mozilla/5.0 (Macintosh; Intel Mac OS X 10_15_7) AppleWebKit/537.36 (KHTML, like Gecko) Chrome/142.0.0.0 Safari/537.36	4e73a25351065e2b4628603507468bae8762ca9c65e9ec82736506215b68b0be	29
45	OPEN	2025-11-18 02:33:59.281125+00	Mozilla/5.0 (Macintosh; Intel Mac OS X 10_15_7) AppleWebKit/537.36 (KHTML, like Gecko) Chrome/142.0.0.0 Safari/537.36	4e73a25351065e2b4628603507468bae8762ca9c65e9ec82736506215b68b0be	34
46	OPEN	2025-11-18 02:37:07.73183+00	Mozilla/5.0 (Macintosh; Intel Mac OS X 10_15_7) AppleWebKit/537.36 (KHTML, like Gecko) Chrome/142.0.0.0 Safari/537.36	4e73a25351065e2b4628603507468bae8762ca9c65e9ec82736506215b68b0be	29
47	OPEN	2025-11-18 02:45:00.826478+00	Mozilla/5.0 (Macintosh; Intel Mac OS X 10_15_7) AppleWebKit/537.36 (KHTML, like Gecko) Chrome/142.0.0.0 Safari/537.36	4e73a25351065e2b4628603507468bae8762ca9c65e9ec82736506215b68b0be	34
48	OPEN	2025-11-18 02:45:09.264025+00	Mozilla/5.0 (Macintosh; Intel Mac OS X 10_15_7) AppleWebKit/537.36 (KHTML, like Gecko) Chrome/142.0.0.0 Safari/537.36	4e73a25351065e2b4628603507468bae8762ca9c65e9ec82736506215b68b0be	34
49	REPORT	2025-11-18 02:45:12.395661+00	Mozilla/5.0 (Macintosh; Intel Mac OS X 10_15_7) AppleWebKit/537.36 (KHTML, like Gecko) Chrome/142.0.0.0 Safari/537.36	4e73a25351065e2b4628603507468bae8762ca9c65e9ec82736506215b68b0be	34
50	CLICK	2025-11-18 02:45:17.420432+00	Mozilla/5.0 (Macintosh; Intel Mac OS X 10_15_7) AppleWebKit/537.36 (KHTML, like Gecko) Chrome/142.0.0.0 Safari/537.36	4e73a25351065e2b4628603507468bae8762ca9c65e9ec82736506215b68b0be	34
51	OPEN	2025-11-18 03:46:09.235678+00	Mozilla/5.0 (Macintosh; Intel Mac OS X 10_15_7) AppleWebKit/537.36 (KHTML, like Gecko) Chrome/142.0.0.0 Safari/537.36	4e73a25351065e2b4628603507468bae8762ca9c65e9ec82736506215b68b0be	39
52	REPORT	2025-11-18 03:46:15.490773+00	Mozilla/5.0 (Macintosh; Intel Mac OS X 10_15_7) AppleWebKit/537.36 (KHTML, like Gecko) Chrome/142.0.0.0 Safari/537.36	4e73a25351065e2b4628603507468bae8762ca9c65e9ec82736506215b68b0be	39
53	OPEN	2025-11-19 01:16:47.612345+00	Mozilla/5.0 (Macintosh; Intel Mac OS X 10_15_7) AppleWebKit/537.36 (KHTML, like Gecko) Chrome/142.0.0.0 Safari/537.36	4e73a25351065e2b4628603507468bae8762ca9c65e9ec82736506215b68b0be	39
54	OPEN	2025-11-19 01:17:37.266117+00	Mozilla/5.0 (Macintosh; Intel Mac OS X 10_15_7) AppleWebKit/537.36 (KHTML, like Gecko) Chrome/142.0.0.0 Safari/537.36	4e73a25351065e2b4628603507468bae8762ca9c65e9ec82736506215b68b0be	39
55	OPEN	2025-11-19 11:29:39.516777+00	Mozilla/5.0 (Macintosh; Intel Mac OS X 10_15_7) AppleWebKit/537.36 (KHTML, like Gecko) Chrome/142.0.0.0 Safari/537.36	4e73a25351065e2b4628603507468bae8762ca9c65e9ec82736506215b68b0be	39
56	CLICK	2025-11-19 11:29:41.633744+00	Mozilla/5.0 (Macintosh; Intel Mac OS X 10_15_7) AppleWebKit/537.36 (KHTML, like Gecko) Chrome/142.0.0.0 Safari/537.36	4e73a25351065e2b4628603507468bae8762ca9c65e9ec82736506215b68b0be	39
57	OPEN	2025-11-19 11:38:43.672448+00	Mozilla/5.0 (Macintosh; Intel Mac OS X 10_15_7) AppleWebKit/537.36 (KHTML, like Gecko) Chrome/142.0.0.0 Safari/537.36	4e73a25351065e2b4628603507468bae8762ca9c65e9ec82736506215b68b0be	39
58	OPEN	2025-11-19 11:41:56.616901+00	Mozilla/5.0 (Macintosh; Intel Mac OS X 10_15_7) AppleWebKit/537.36 (KHTML, like Gecko) Chrome/142.0.0.0 Safari/537.36	4e73a25351065e2b4628603507468bae8762ca9c65e9ec82736506215b68b0be	39
59	CLICK	2025-11-19 11:42:08.237486+00	Mozilla/5.0 (Macintosh; Intel Mac OS X 10_15_7) AppleWebKit/537.36 (KHTML, like Gecko) Chrome/142.0.0.0 Safari/537.36	4e73a25351065e2b4628603507468bae8762ca9c65e9ec82736506215b68b0be	39
60	OPEN	2025-11-19 11:43:39.182136+00	Mozilla/5.0 (Macintosh; Intel Mac OS X 10_15_7) AppleWebKit/537.36 (KHTML, like Gecko) Chrome/142.0.0.0 Safari/537.36	4e73a25351065e2b4628603507468bae8762ca9c65e9ec82736506215b68b0be	39
61	CLICK	2025-11-19 11:43:41.765911+00	Mozilla/5.0 (Macintosh; Intel Mac OS X 10_15_7) AppleWebKit/537.36 (KHTML, like Gecko) Chrome/142.0.0.0 Safari/537.36	4e73a25351065e2b4628603507468bae8762ca9c65e9ec82736506215b68b0be	39
62	OPEN	2025-11-19 14:45:50.694798+00	Mozilla/5.0 (Macintosh; Intel Mac OS X 10_15_7) AppleWebKit/537.36 (KHTML, like Gecko) Chrome/142.0.0.0 Safari/537.36	4e73a25351065e2b4628603507468bae8762ca9c65e9ec82736506215b68b0be	44
63	CLICK	2025-11-19 14:45:54.155549+00	Mozilla/5.0 (Macintosh; Intel Mac OS X 10_15_7) AppleWebKit/537.36 (KHTML, like Gecko) Chrome/142.0.0.0 Safari/537.36	4e73a25351065e2b4628603507468bae8762ca9c65e9ec82736506215b68b0be	44
64	REPORT	2025-11-19 14:46:09.798786+00	Mozilla/5.0 (Macintosh; Intel Mac OS X 10_15_7) AppleWebKit/537.36 (KHTML, like Gecko) Chrome/142.0.0.0 Safari/537.36	4e73a25351065e2b4628603507468bae8762ca9c65e9ec82736506215b68b0be	44
65	OPEN	2025-11-19 14:51:59.483769+00	Mozilla/5.0 (Macintosh; Intel Mac OS X 10_15_7) AppleWebKit/537.36 (KHTML, like Gecko) Chrome/142.0.0.0 Safari/537.36	4e73a25351065e2b4628603507468bae8762ca9c65e9ec82736506215b68b0be	36
66	REPORT	2025-11-19 14:54:19.278534+00	Mozilla/5.0 (Macintosh; Intel Mac OS X 10_15_7) AppleWebKit/537.36 (KHTML, like Gecko) Chrome/142.0.0.0 Safari/537.36	4e73a25351065e2b4628603507468bae8762ca9c65e9ec82736506215b68b0be	36
67	OPEN	2025-11-19 14:55:22.821368+00	Mozilla/5.0 (Macintosh; Intel Mac OS X 10_15_7) AppleWebKit/537.36 (KHTML, like Gecko) Chrome/142.0.0.0 Safari/537.36	4e73a25351065e2b4628603507468bae8762ca9c65e9ec82736506215b68b0be	34
68	OPEN	2025-11-19 14:57:33.437989+00	Mozilla/5.0 (Macintosh; Intel Mac OS X 10_15_7) AppleWebKit/537.36 (KHTML, like Gecko) Chrome/142.0.0.0 Safari/537.36	4e73a25351065e2b4628603507468bae8762ca9c65e9ec82736506215b68b0be	44
69	CLICK	2025-11-19 14:57:35.117357+00	Mozilla/5.0 (Macintosh; Intel Mac OS X 10_15_7) AppleWebKit/537.36 (KHTML, like Gecko) Chrome/142.0.0.0 Safari/537.36	4e73a25351065e2b4628603507468bae8762ca9c65e9ec82736506215b68b0be	44
70	CLICK	2025-11-19 14:58:57.360208+00	Mozilla/5.0 (Macintosh; Intel Mac OS X 10_15_7) AppleWebKit/537.36 (KHTML, like Gecko) Chrome/142.0.0.0 Safari/537.36	4e73a25351065e2b4628603507468bae8762ca9c65e9ec82736506215b68b0be	44
71	REPORT	2025-11-19 14:59:09.797229+00	Mozilla/5.0 (Macintosh; Intel Mac OS X 10_15_7) AppleWebKit/537.36 (KHTML, like Gecko) Chrome/142.0.0.0 Safari/537.36	4e73a25351065e2b4628603507468bae8762ca9c65e9ec82736506215b68b0be	44
72	OPEN	2025-11-20 14:14:18.338728+00	Mozilla/5.0 (Macintosh; Intel Mac OS X 10_15_7) AppleWebKit/537.36 (KHTML, like Gecko) Chrome/142.0.0.0 Safari/537.36	ca0b1a00c1e2e900b67996f769cb447ae41653f968d6769037fdd22536fc96f8	44
73	OPEN	2025-11-20 14:15:53.602181+00	Mozilla/5.0 (Macintosh; Intel Mac OS X 10_15_7) AppleWebKit/537.36 (KHTML, like Gecko) Chrome/142.0.0.0 Safari/537.36	ca0b1a00c1e2e900b67996f769cb447ae41653f968d6769037fdd22536fc96f8	49
74	OPEN	2025-11-25 01:56:43.787771+00	Mozilla/5.0 (Macintosh; Intel Mac OS X 10_15_7) AppleWebKit/537.36 (KHTML, like Gecko) Chrome/142.0.0.0 Safari/537.36	ca0b1a00c1e2e900b67996f769cb447ae41653f968d6769037fdd22536fc96f8	49
75	OPEN	2025-11-25 02:14:46.376297+00	Mozilla/5.0 (Macintosh; Intel Mac OS X 10_15_7) AppleWebKit/537.36 (KHTML, like Gecko) Chrome/142.0.0.0 Safari/537.36	ca0b1a00c1e2e900b67996f769cb447ae41653f968d6769037fdd22536fc96f8	49
76	OPEN	2025-11-25 02:14:47.942496+00	Mozilla/5.0 (Macintosh; Intel Mac OS X 10_15_7) AppleWebKit/537.36 (KHTML, like Gecko) Chrome/142.0.0.0 Safari/537.36	ca0b1a00c1e2e900b67996f769cb447ae41653f968d6769037fdd22536fc96f8	49
77	OPEN	2025-11-25 02:14:48.795388+00	Mozilla/5.0 (Macintosh; Intel Mac OS X 10_15_7) AppleWebKit/537.36 (KHTML, like Gecko) Chrome/142.0.0.0 Safari/537.36	ca0b1a00c1e2e900b67996f769cb447ae41653f968d6769037fdd22536fc96f8	49
78	OPEN	2025-11-25 02:15:35.952199+00	Mozilla/5.0 (Macintosh; Intel Mac OS X 10_15_7) AppleWebKit/537.36 (KHTML, like Gecko) Chrome/142.0.0.0 Safari/537.36	ca0b1a00c1e2e900b67996f769cb447ae41653f968d6769037fdd22536fc96f8	49
79	REPORT	2025-11-25 02:15:43.18131+00	Mozilla/5.0 (Macintosh; Intel Mac OS X 10_15_7) AppleWebKit/537.36 (KHTML, like Gecko) Chrome/142.0.0.0 Safari/537.36	ca0b1a00c1e2e900b67996f769cb447ae41653f968d6769037fdd22536fc96f8	49
80	OPEN	2025-11-25 02:16:55.226757+00	Mozilla/5.0 (Macintosh; Intel Mac OS X 10_15_7) AppleWebKit/537.36 (KHTML, like Gecko) Chrome/142.0.0.0 Safari/537.36	ca0b1a00c1e2e900b67996f769cb447ae41653f968d6769037fdd22536fc96f8	54
81	REPORT	2025-11-25 02:17:03.592157+00	Mozilla/5.0 (Macintosh; Intel Mac OS X 10_15_7) AppleWebKit/537.36 (KHTML, like Gecko) Chrome/142.0.0.0 Safari/537.36	ca0b1a00c1e2e900b67996f769cb447ae41653f968d6769037fdd22536fc96f8	54
82	OPEN	2025-11-25 02:18:09.217342+00	Mozilla/5.0 (Macintosh; Intel Mac OS X 10_15_7) AppleWebKit/537.36 (KHTML, like Gecko) Chrome/142.0.0.0 Safari/537.36	ca0b1a00c1e2e900b67996f769cb447ae41653f968d6769037fdd22536fc96f8	54
83	CLICK	2025-11-25 02:19:15.499256+00	Mozilla/5.0 (Macintosh; Intel Mac OS X 10_15_7) AppleWebKit/537.36 (KHTML, like Gecko) Chrome/142.0.0.0 Safari/537.36	ca0b1a00c1e2e900b67996f769cb447ae41653f968d6769037fdd22536fc96f8	54
84	OPEN	2025-11-25 02:25:59.66735+00	Mozilla/5.0 (Macintosh; Intel Mac OS X 10_15_7) AppleWebKit/537.36 (KHTML, like Gecko) Chrome/142.0.0.0 Safari/537.36	ca0b1a00c1e2e900b67996f769cb447ae41653f968d6769037fdd22536fc96f8	54
85	OPEN	2025-11-25 02:26:15.89837+00	Mozilla/5.0 (Macintosh; Intel Mac OS X 10_15_7) AppleWebKit/537.36 (KHTML, like Gecko) Chrome/142.0.0.0 Safari/537.36	ca0b1a00c1e2e900b67996f769cb447ae41653f968d6769037fdd22536fc96f8	54
86	OPEN	2025-11-25 02:26:20.820646+00	Mozilla/5.0 (Macintosh; Intel Mac OS X 10_15_7) AppleWebKit/537.36 (KHTML, like Gecko) Chrome/142.0.0.0 Safari/537.36	ca0b1a00c1e2e900b67996f769cb447ae41653f968d6769037fdd22536fc96f8	54
87	OPEN	2025-11-25 02:26:42.458229+00	Mozilla/5.0 (Macintosh; Intel Mac OS X 10_15_7) AppleWebKit/537.36 (KHTML, like Gecko) Chrome/142.0.0.0 Safari/537.36	ca0b1a00c1e2e900b67996f769cb447ae41653f968d6769037fdd22536fc96f8	54
88	OPEN	2025-11-25 02:28:32.658623+00	Mozilla/5.0 (Macintosh; Intel Mac OS X 10_15_7) AppleWebKit/537.36 (KHTML, like Gecko) Chrome/142.0.0.0 Safari/537.36	ca0b1a00c1e2e900b67996f769cb447ae41653f968d6769037fdd22536fc96f8	59
89	OPEN	2025-11-25 02:30:20.158578+00	Mozilla/5.0 (Macintosh; Intel Mac OS X 10_15_7) AppleWebKit/537.36 (KHTML, like Gecko) Chrome/142.0.0.0 Safari/537.36	ca0b1a00c1e2e900b67996f769cb447ae41653f968d6769037fdd22536fc96f8	61
90	OPEN	2025-11-25 02:30:44.228721+00	Mozilla/5.0 (Macintosh; Intel Mac OS X 10_15_7) AppleWebKit/537.36 (KHTML, like Gecko) Chrome/142.0.0.0 Safari/537.36	ca0b1a00c1e2e900b67996f769cb447ae41653f968d6769037fdd22536fc96f8	61
91	OPEN	2025-11-25 02:30:45.332123+00	Mozilla/5.0 (Macintosh; Intel Mac OS X 10_15_7) AppleWebKit/537.36 (KHTML, like Gecko) Chrome/142.0.0.0 Safari/537.36	ca0b1a00c1e2e900b67996f769cb447ae41653f968d6769037fdd22536fc96f8	61
92	OPEN	2025-11-25 02:31:24.351717+00	Mozilla/5.0 (Macintosh; Intel Mac OS X 10_15_7) AppleWebKit/537.36 (KHTML, like Gecko) Chrome/142.0.0.0 Safari/537.36	ca0b1a00c1e2e900b67996f769cb447ae41653f968d6769037fdd22536fc96f8	61
93	OPEN	2025-11-25 02:31:27.546107+00	Mozilla/5.0 (Macintosh; Intel Mac OS X 10_15_7) AppleWebKit/537.36 (KHTML, like Gecko) Chrome/142.0.0.0 Safari/537.36	ca0b1a00c1e2e900b67996f769cb447ae41653f968d6769037fdd22536fc96f8	61
94	OPEN	2025-11-25 02:33:19.993877+00	Mozilla/5.0 (Macintosh; Intel Mac OS X 10_15_7) AppleWebKit/537.36 (KHTML, like Gecko) Chrome/142.0.0.0 Safari/537.36	ca0b1a00c1e2e900b67996f769cb447ae41653f968d6769037fdd22536fc96f8	61
95	OPEN	2025-11-25 02:34:37.749974+00	Mozilla/5.0 (Macintosh; Intel Mac OS X 10_15_7) AppleWebKit/537.36 (KHTML, like Gecko) Chrome/142.0.0.0 Safari/537.36	ca0b1a00c1e2e900b67996f769cb447ae41653f968d6769037fdd22536fc96f8	61
96	OPEN	2025-11-25 02:35:11.750404+00	Mozilla/5.0 (Macintosh; Intel Mac OS X 10_15_7) AppleWebKit/537.36 (KHTML, like Gecko) Chrome/142.0.0.0 Safari/537.36	ca0b1a00c1e2e900b67996f769cb447ae41653f968d6769037fdd22536fc96f8	59
97	CLICK	2025-11-25 02:35:16.464344+00	Mozilla/5.0 (Macintosh; Intel Mac OS X 10_15_7) AppleWebKit/537.36 (KHTML, like Gecko) Chrome/142.0.0.0 Safari/537.36	ca0b1a00c1e2e900b67996f769cb447ae41653f968d6769037fdd22536fc96f8	59
98	REPORT	2025-11-25 02:35:18.559725+00	Mozilla/5.0 (Macintosh; Intel Mac OS X 10_15_7) AppleWebKit/537.36 (KHTML, like Gecko) Chrome/142.0.0.0 Safari/537.36	ca0b1a00c1e2e900b67996f769cb447ae41653f968d6769037fdd22536fc96f8	59
99	OPEN	2025-11-25 02:37:01.234985+00	Mozilla/5.0 (Macintosh; Intel Mac OS X 10_15_7) AppleWebKit/537.36 (KHTML, like Gecko) Chrome/142.0.0.0 Safari/537.36	ca0b1a00c1e2e900b67996f769cb447ae41653f968d6769037fdd22536fc96f8	59
100	OPEN	2025-11-25 02:47:14.932244+00	Mozilla/5.0 (Macintosh; Intel Mac OS X 10_15_7) AppleWebKit/537.36 (KHTML, like Gecko) Chrome/142.0.0.0 Safari/537.36	ca0b1a00c1e2e900b67996f769cb447ae41653f968d6769037fdd22536fc96f8	59
101	OPEN	2025-11-25 15:38:24.941664+00	Mozilla/5.0 (Macintosh; Intel Mac OS X 10_15_7) AppleWebKit/537.36 (KHTML, like Gecko) Chrome/142.0.0.0 Safari/537.36	ca0b1a00c1e2e900b67996f769cb447ae41653f968d6769037fdd22536fc96f8	59
102	OPEN	2025-11-25 15:41:51.952458+00	Mozilla/5.0 (Macintosh; Intel Mac OS X 10_15_7) AppleWebKit/537.36 (KHTML, like Gecko) Chrome/142.0.0.0 Safari/537.36	ca0b1a00c1e2e900b67996f769cb447ae41653f968d6769037fdd22536fc96f8	61
103	OPEN	2025-11-25 15:42:05.513989+00	Mozilla/5.0 (Macintosh; Intel Mac OS X 10_15_7) AppleWebKit/537.36 (KHTML, like Gecko) Chrome/142.0.0.0 Safari/537.36	ca0b1a00c1e2e900b67996f769cb447ae41653f968d6769037fdd22536fc96f8	60
104	OPEN	2025-11-25 15:42:21.268088+00	Mozilla/5.0 (Macintosh; Intel Mac OS X 10_15_7) AppleWebKit/537.36 (KHTML, like Gecko) Chrome/142.0.0.0 Safari/537.36	ca0b1a00c1e2e900b67996f769cb447ae41653f968d6769037fdd22536fc96f8	59
105	REPORT	2025-11-25 15:42:23.521315+00	Mozilla/5.0 (Macintosh; Intel Mac OS X 10_15_7) AppleWebKit/537.36 (KHTML, like Gecko) Chrome/142.0.0.0 Safari/537.36	ca0b1a00c1e2e900b67996f769cb447ae41653f968d6769037fdd22536fc96f8	59
106	OPEN	2025-11-25 15:42:31.301328+00	Mozilla/5.0 (Macintosh; Intel Mac OS X 10_15_7) AppleWebKit/537.36 (KHTML, like Gecko) Chrome/142.0.0.0 Safari/537.36	ca0b1a00c1e2e900b67996f769cb447ae41653f968d6769037fdd22536fc96f8	59
107	OPEN	2025-11-25 15:42:35.23487+00	Mozilla/5.0 (Macintosh; Intel Mac OS X 10_15_7) AppleWebKit/537.36 (KHTML, like Gecko) Chrome/142.0.0.0 Safari/537.36	ca0b1a00c1e2e900b67996f769cb447ae41653f968d6769037fdd22536fc96f8	60
108	REPORT	2025-11-25 15:42:37.676732+00	Mozilla/5.0 (Macintosh; Intel Mac OS X 10_15_7) AppleWebKit/537.36 (KHTML, like Gecko) Chrome/142.0.0.0 Safari/537.36	ca0b1a00c1e2e900b67996f769cb447ae41653f968d6769037fdd22536fc96f8	60
109	OPEN	2025-11-25 15:45:16.976334+00	Mozilla/5.0 (Macintosh; Intel Mac OS X 10_15_7) AppleWebKit/537.36 (KHTML, like Gecko) Chrome/142.0.0.0 Safari/537.36	ca0b1a00c1e2e900b67996f769cb447ae41653f968d6769037fdd22536fc96f8	66
110	OPEN	2025-11-25 16:14:34.033365+00	Mozilla/5.0 (Macintosh; Intel Mac OS X 10_15_7) AppleWebKit/537.36 (KHTML, like Gecko) Chrome/142.0.0.0 Safari/537.36	ca0b1a00c1e2e900b67996f769cb447ae41653f968d6769037fdd22536fc96f8	64
111	OPEN	2025-11-25 16:18:03.763425+00	Mozilla/5.0 (Macintosh; Intel Mac OS X 10_15_7) AppleWebKit/537.36 (KHTML, like Gecko) Chrome/142.0.0.0 Safari/537.36	ca0b1a00c1e2e900b67996f769cb447ae41653f968d6769037fdd22536fc96f8	64
112	OPEN	2025-11-25 16:22:28.419979+00	Mozilla/5.0 (Macintosh; Intel Mac OS X 10_15_7) AppleWebKit/537.36 (KHTML, like Gecko) Chrome/142.0.0.0 Safari/537.36	ca0b1a00c1e2e900b67996f769cb447ae41653f968d6769037fdd22536fc96f8	64
113	OPEN	2025-11-25 16:23:04.681678+00	Mozilla/5.0 (Macintosh; Intel Mac OS X 10_15_7) AppleWebKit/537.36 (KHTML, like Gecko) Chrome/142.0.0.0 Safari/537.36	ca0b1a00c1e2e900b67996f769cb447ae41653f968d6769037fdd22536fc96f8	64
114	OPEN	2025-11-25 16:23:22.781276+00	Mozilla/5.0 (Macintosh; Intel Mac OS X 10_15_7) AppleWebKit/537.36 (KHTML, like Gecko) Chrome/142.0.0.0 Safari/537.36	ca0b1a00c1e2e900b67996f769cb447ae41653f968d6769037fdd22536fc96f8	64
115	OPEN	2025-11-25 16:23:41.235925+00	Mozilla/5.0 (Macintosh; Intel Mac OS X 10_15_7) AppleWebKit/537.36 (KHTML, like Gecko) Chrome/142.0.0.0 Safari/537.36	ca0b1a00c1e2e900b67996f769cb447ae41653f968d6769037fdd22536fc96f8	64
\.


--
-- Data for Name: campaigns_recipient; Type: TABLE DATA; Schema: public; Owner: phishing_user
--

COPY public.campaigns_recipient (id, email, first_name, last_name, department) FROM stdin;
1	ram@example.com	Ram	Bahadur	IT
2	sita@example.com	Sita	Thapa	HR
3	roshan@example.com	Roshan	Rayamajhi	Finance
4	anjali@example.com	Anjali	Chhetri	Marketing
5	nisha@example.com	Nisha	Gurung	Operations
6	roshan@viewer.com	Roshan	Rayamajhi	Finance
\.


--
-- Data for Name: campaigns_stickynote; Type: TABLE DATA; Schema: public; Owner: phishing_user
--

COPY public.campaigns_stickynote (id, title, body, priority, is_done, created_at, user_id) FROM stdin;
2	yoyo	im doing yo	high	t	2025-11-19 01:20:56.476046+00	5
1	Password	hi	medium	t	2025-11-18 03:02:10.967333+00	5
\.


--
-- Data for Name: django_admin_log; Type: TABLE DATA; Schema: public; Owner: phishing_user
--

COPY public.django_admin_log (id, action_time, object_id, object_repr, action_flag, change_message, content_type_id, user_id) FROM stdin;
1	2025-11-18 00:51:46.064905+00	5	roshan1	1	[{"added": {}}]	6	1
2	2025-11-18 00:53:15.386138+00	5	roshan1	2	[{"changed": {"fields": ["First name", "Last name", "Email address"]}}]	6	1
3	2025-11-18 00:53:24.451695+00	5	roshan1	2	[]	6	1
4	2025-11-18 00:53:26.819144+00	5	roshan1	2	[]	6	1
\.


--
-- Data for Name: django_content_type; Type: TABLE DATA; Schema: public; Owner: phishing_user
--

COPY public.django_content_type (id, app_label, model) FROM stdin;
1	admin	logentry
2	auth	permission
3	auth	group
4	contenttypes	contenttype
5	sessions	session
6	accounts	user
7	campaigns	campaignrecipient
8	campaigns	emailtemplate
9	campaigns	campaign
10	campaigns	recipient
11	campaigns	event
12	campaigns	auditlog
13	campaigns	campaignemail
14	campaigns	stickynote
\.


--
-- Data for Name: django_migrations; Type: TABLE DATA; Schema: public; Owner: phishing_user
--

COPY public.django_migrations (id, app, name, applied) FROM stdin;
1	contenttypes	0001_initial	2025-11-13 14:42:09.893115+00
2	contenttypes	0002_remove_content_type_name	2025-11-13 14:42:35.64408+00
3	auth	0001_initial	2025-11-13 14:42:35.662305+00
4	auth	0002_alter_permission_name_max_length	2025-11-13 14:42:35.664208+00
5	auth	0003_alter_user_email_max_length	2025-11-13 14:42:35.66667+00
6	auth	0004_alter_user_username_opts	2025-11-13 14:42:35.669283+00
7	auth	0005_alter_user_last_login_null	2025-11-13 14:42:35.670992+00
8	auth	0006_require_contenttypes_0002	2025-11-13 14:42:35.671464+00
9	auth	0007_alter_validators_add_error_messages	2025-11-13 14:42:35.673361+00
10	auth	0008_alter_user_username_max_length	2025-11-13 14:42:35.675034+00
11	auth	0009_alter_user_last_name_max_length	2025-11-13 14:42:35.676739+00
12	auth	0010_alter_group_name_max_length	2025-11-13 14:42:35.67894+00
13	auth	0011_update_proxy_permissions	2025-11-13 14:42:35.68057+00
14	auth	0012_alter_user_first_name_max_length	2025-11-13 14:42:35.682599+00
15	accounts	0001_initial	2025-11-13 14:42:35.701021+00
16	admin	0001_initial	2025-11-13 14:42:35.709296+00
17	admin	0002_logentry_remove_auto_add	2025-11-13 14:42:35.711991+00
18	admin	0003_logentry_add_action_flag_choices	2025-11-13 14:42:35.715398+00
19	sessions	0001_initial	2025-11-13 14:42:35.720388+00
20	campaigns	0001_initial	2025-11-13 15:06:58.866212+00
21	campaigns	0002_event	2025-11-13 15:26:33.450142+00
22	campaigns	0003_auditlog	2025-11-13 19:19:15.747695+00
23	campaigns	0004_campaignemail	2025-11-18 00:39:52.11807+00
24	campaigns	0005_alter_campaign_scheduled_for	2025-11-18 00:44:41.865042+00
25	campaigns	0006_emailtemplate_scenario_alter_emailtemplate_body	2025-11-18 02:21:27.962456+00
26	campaigns	0007_stickynote	2025-11-18 03:00:49.316047+00
27	campaigns	0008_add_email_composer_fields	2025-11-26 02:00:32.087698+00
28	accounts	0003_alter_user_options_and_more	2025-11-26 02:29:50.064011+00
\.


--
-- Data for Name: django_session; Type: TABLE DATA; Schema: public; Owner: phishing_user
--

COPY public.django_session (session_key, session_data, expire_date) FROM stdin;
4u6muk3ovvyzd1rgwluikkqb46o2cdom	.eJxVjEEOwiAQRe_C2hAcoYBL9z0DGYZBqgaS0q6Md7dNutDtf-_9twi4LiWsnecwJXEVIE6_W0R6ct1BemC9N0mtLvMU5a7Ig3Y5tsSv2-H-HRTsZaud4-SjBmLMjpIagElZTT4bsFkZZ4k1eg0mRpXYRwICpTd8vgzGo_h8AQD-OD8:1vNvpw:OAINfF9Xs2tB5NfqHYivsX8D-IKBf-GjicU9gKKnLzg	2025-12-09 16:24:16.323311+00
86w33y0w0yq70hzyvmrg8yag4u79bnz7	.eJxVjMEOwiAQRP-FsyEtLCx69O43kF2WStXQpLQn47_bJj3obTLvzbxVpHUpcW15jqOoizLq9NsxpWeuO5AH1fuk01SXeWS9K_qgTd8mya_r4f4dFGplWwfrsjADOfLsjOXkbRrOgSF3KABiRWAA7BGCB_GhR7NF5E4InXHq8wXu-DeA:1vO5Is:AkGYJ6K4m4uUlH0it3eJSCBr-SJ2El-KeD52gjnxEx8	2025-12-10 02:30:46.979191+00
\.


--
-- Name: accounts_user_groups_id_seq; Type: SEQUENCE SET; Schema: public; Owner: phishing_user
--

SELECT pg_catalog.setval('public.accounts_user_groups_id_seq', 1, false);


--
-- Name: accounts_user_id_seq; Type: SEQUENCE SET; Schema: public; Owner: phishing_user
--

SELECT pg_catalog.setval('public.accounts_user_id_seq', 5, true);


--
-- Name: accounts_user_user_permissions_id_seq; Type: SEQUENCE SET; Schema: public; Owner: phishing_user
--

SELECT pg_catalog.setval('public.accounts_user_user_permissions_id_seq', 1, false);


--
-- Name: auth_group_id_seq; Type: SEQUENCE SET; Schema: public; Owner: phishing_user
--

SELECT pg_catalog.setval('public.auth_group_id_seq', 1, false);


--
-- Name: auth_group_permissions_id_seq; Type: SEQUENCE SET; Schema: public; Owner: phishing_user
--

SELECT pg_catalog.setval('public.auth_group_permissions_id_seq', 1, false);


--
-- Name: auth_permission_id_seq; Type: SEQUENCE SET; Schema: public; Owner: phishing_user
--

SELECT pg_catalog.setval('public.auth_permission_id_seq', 56, true);


--
-- Name: campaigns_auditlog_id_seq; Type: SEQUENCE SET; Schema: public; Owner: phishing_user
--

SELECT pg_catalog.setval('public.campaigns_auditlog_id_seq', 55, true);


--
-- Name: campaigns_campaign_id_seq; Type: SEQUENCE SET; Schema: public; Owner: phishing_user
--

SELECT pg_catalog.setval('public.campaigns_campaign_id_seq', 17, true);


--
-- Name: campaigns_campaignemail_id_seq; Type: SEQUENCE SET; Schema: public; Owner: phishing_user
--

SELECT pg_catalog.setval('public.campaigns_campaignemail_id_seq', 67, true);


--
-- Name: campaigns_campaignrecipient_id_seq; Type: SEQUENCE SET; Schema: public; Owner: phishing_user
--

SELECT pg_catalog.setval('public.campaigns_campaignrecipient_id_seq', 66, true);


--
-- Name: campaigns_emailtemplate_id_seq; Type: SEQUENCE SET; Schema: public; Owner: phishing_user
--

SELECT pg_catalog.setval('public.campaigns_emailtemplate_id_seq', 6, true);


--
-- Name: campaigns_event_id_seq; Type: SEQUENCE SET; Schema: public; Owner: phishing_user
--

SELECT pg_catalog.setval('public.campaigns_event_id_seq', 115, true);


--
-- Name: campaigns_recipient_id_seq; Type: SEQUENCE SET; Schema: public; Owner: phishing_user
--

SELECT pg_catalog.setval('public.campaigns_recipient_id_seq', 6, true);


--
-- Name: campaigns_stickynote_id_seq; Type: SEQUENCE SET; Schema: public; Owner: phishing_user
--

SELECT pg_catalog.setval('public.campaigns_stickynote_id_seq', 2, true);


--
-- Name: django_admin_log_id_seq; Type: SEQUENCE SET; Schema: public; Owner: phishing_user
--

SELECT pg_catalog.setval('public.django_admin_log_id_seq', 4, true);


--
-- Name: django_content_type_id_seq; Type: SEQUENCE SET; Schema: public; Owner: phishing_user
--

SELECT pg_catalog.setval('public.django_content_type_id_seq', 14, true);


--
-- Name: django_migrations_id_seq; Type: SEQUENCE SET; Schema: public; Owner: phishing_user
--

SELECT pg_catalog.setval('public.django_migrations_id_seq', 28, true);


--
-- Name: accounts_user_groups accounts_user_groups_pkey; Type: CONSTRAINT; Schema: public; Owner: phishing_user
--

ALTER TABLE ONLY public.accounts_user_groups
    ADD CONSTRAINT accounts_user_groups_pkey PRIMARY KEY (id);


--
-- Name: accounts_user_groups accounts_user_groups_user_id_group_id_59c0b32f_uniq; Type: CONSTRAINT; Schema: public; Owner: phishing_user
--

ALTER TABLE ONLY public.accounts_user_groups
    ADD CONSTRAINT accounts_user_groups_user_id_group_id_59c0b32f_uniq UNIQUE (user_id, group_id);


--
-- Name: accounts_user accounts_user_pkey; Type: CONSTRAINT; Schema: public; Owner: phishing_user
--

ALTER TABLE ONLY public.accounts_user
    ADD CONSTRAINT accounts_user_pkey PRIMARY KEY (id);


--
-- Name: accounts_user_user_permissions accounts_user_user_permi_user_id_permission_id_2ab516c2_uniq; Type: CONSTRAINT; Schema: public; Owner: phishing_user
--

ALTER TABLE ONLY public.accounts_user_user_permissions
    ADD CONSTRAINT accounts_user_user_permi_user_id_permission_id_2ab516c2_uniq UNIQUE (user_id, permission_id);


--
-- Name: accounts_user_user_permissions accounts_user_user_permissions_pkey; Type: CONSTRAINT; Schema: public; Owner: phishing_user
--

ALTER TABLE ONLY public.accounts_user_user_permissions
    ADD CONSTRAINT accounts_user_user_permissions_pkey PRIMARY KEY (id);


--
-- Name: accounts_user accounts_user_username_key; Type: CONSTRAINT; Schema: public; Owner: phishing_user
--

ALTER TABLE ONLY public.accounts_user
    ADD CONSTRAINT accounts_user_username_key UNIQUE (username);


--
-- Name: auth_group auth_group_name_key; Type: CONSTRAINT; Schema: public; Owner: phishing_user
--

ALTER TABLE ONLY public.auth_group
    ADD CONSTRAINT auth_group_name_key UNIQUE (name);


--
-- Name: auth_group_permissions auth_group_permissions_group_id_permission_id_0cd325b0_uniq; Type: CONSTRAINT; Schema: public; Owner: phishing_user
--

ALTER TABLE ONLY public.auth_group_permissions
    ADD CONSTRAINT auth_group_permissions_group_id_permission_id_0cd325b0_uniq UNIQUE (group_id, permission_id);


--
-- Name: auth_group_permissions auth_group_permissions_pkey; Type: CONSTRAINT; Schema: public; Owner: phishing_user
--

ALTER TABLE ONLY public.auth_group_permissions
    ADD CONSTRAINT auth_group_permissions_pkey PRIMARY KEY (id);


--
-- Name: auth_group auth_group_pkey; Type: CONSTRAINT; Schema: public; Owner: phishing_user
--

ALTER TABLE ONLY public.auth_group
    ADD CONSTRAINT auth_group_pkey PRIMARY KEY (id);


--
-- Name: auth_permission auth_permission_content_type_id_codename_01ab375a_uniq; Type: CONSTRAINT; Schema: public; Owner: phishing_user
--

ALTER TABLE ONLY public.auth_permission
    ADD CONSTRAINT auth_permission_content_type_id_codename_01ab375a_uniq UNIQUE (content_type_id, codename);


--
-- Name: auth_permission auth_permission_pkey; Type: CONSTRAINT; Schema: public; Owner: phishing_user
--

ALTER TABLE ONLY public.auth_permission
    ADD CONSTRAINT auth_permission_pkey PRIMARY KEY (id);


--
-- Name: campaigns_auditlog campaigns_auditlog_pkey; Type: CONSTRAINT; Schema: public; Owner: phishing_user
--

ALTER TABLE ONLY public.campaigns_auditlog
    ADD CONSTRAINT campaigns_auditlog_pkey PRIMARY KEY (id);


--
-- Name: campaigns_campaign campaigns_campaign_name_key; Type: CONSTRAINT; Schema: public; Owner: phishing_user
--

ALTER TABLE ONLY public.campaigns_campaign
    ADD CONSTRAINT campaigns_campaign_name_key UNIQUE (name);


--
-- Name: campaigns_campaign campaigns_campaign_pkey; Type: CONSTRAINT; Schema: public; Owner: phishing_user
--

ALTER TABLE ONLY public.campaigns_campaign
    ADD CONSTRAINT campaigns_campaign_pkey PRIMARY KEY (id);


--
-- Name: campaigns_campaignemail campaigns_campaignemail_pkey; Type: CONSTRAINT; Schema: public; Owner: phishing_user
--

ALTER TABLE ONLY public.campaigns_campaignemail
    ADD CONSTRAINT campaigns_campaignemail_pkey PRIMARY KEY (id);


--
-- Name: campaigns_campaignrecipient campaigns_campaignrecipi_campaign_id_recipient_id_8eb38211_uniq; Type: CONSTRAINT; Schema: public; Owner: phishing_user
--

ALTER TABLE ONLY public.campaigns_campaignrecipient
    ADD CONSTRAINT campaigns_campaignrecipi_campaign_id_recipient_id_8eb38211_uniq UNIQUE (campaign_id, recipient_id);


--
-- Name: campaigns_campaignrecipient campaigns_campaignrecipient_pkey; Type: CONSTRAINT; Schema: public; Owner: phishing_user
--

ALTER TABLE ONLY public.campaigns_campaignrecipient
    ADD CONSTRAINT campaigns_campaignrecipient_pkey PRIMARY KEY (id);


--
-- Name: campaigns_campaignrecipient campaigns_campaignrecipient_tracking_id_key; Type: CONSTRAINT; Schema: public; Owner: phishing_user
--

ALTER TABLE ONLY public.campaigns_campaignrecipient
    ADD CONSTRAINT campaigns_campaignrecipient_tracking_id_key UNIQUE (tracking_id);


--
-- Name: campaigns_emailtemplate campaigns_emailtemplate_name_key; Type: CONSTRAINT; Schema: public; Owner: phishing_user
--

ALTER TABLE ONLY public.campaigns_emailtemplate
    ADD CONSTRAINT campaigns_emailtemplate_name_key UNIQUE (name);


--
-- Name: campaigns_emailtemplate campaigns_emailtemplate_pkey; Type: CONSTRAINT; Schema: public; Owner: phishing_user
--

ALTER TABLE ONLY public.campaigns_emailtemplate
    ADD CONSTRAINT campaigns_emailtemplate_pkey PRIMARY KEY (id);


--
-- Name: campaigns_event campaigns_event_pkey; Type: CONSTRAINT; Schema: public; Owner: phishing_user
--

ALTER TABLE ONLY public.campaigns_event
    ADD CONSTRAINT campaigns_event_pkey PRIMARY KEY (id);


--
-- Name: campaigns_recipient campaigns_recipient_pkey; Type: CONSTRAINT; Schema: public; Owner: phishing_user
--

ALTER TABLE ONLY public.campaigns_recipient
    ADD CONSTRAINT campaigns_recipient_pkey PRIMARY KEY (id);


--
-- Name: campaigns_stickynote campaigns_stickynote_pkey; Type: CONSTRAINT; Schema: public; Owner: phishing_user
--

ALTER TABLE ONLY public.campaigns_stickynote
    ADD CONSTRAINT campaigns_stickynote_pkey PRIMARY KEY (id);


--
-- Name: django_admin_log django_admin_log_pkey; Type: CONSTRAINT; Schema: public; Owner: phishing_user
--

ALTER TABLE ONLY public.django_admin_log
    ADD CONSTRAINT django_admin_log_pkey PRIMARY KEY (id);


--
-- Name: django_content_type django_content_type_app_label_model_76bd3d3b_uniq; Type: CONSTRAINT; Schema: public; Owner: phishing_user
--

ALTER TABLE ONLY public.django_content_type
    ADD CONSTRAINT django_content_type_app_label_model_76bd3d3b_uniq UNIQUE (app_label, model);


--
-- Name: django_content_type django_content_type_pkey; Type: CONSTRAINT; Schema: public; Owner: phishing_user
--

ALTER TABLE ONLY public.django_content_type
    ADD CONSTRAINT django_content_type_pkey PRIMARY KEY (id);


--
-- Name: django_migrations django_migrations_pkey; Type: CONSTRAINT; Schema: public; Owner: phishing_user
--

ALTER TABLE ONLY public.django_migrations
    ADD CONSTRAINT django_migrations_pkey PRIMARY KEY (id);


--
-- Name: django_session django_session_pkey; Type: CONSTRAINT; Schema: public; Owner: phishing_user
--

ALTER TABLE ONLY public.django_session
    ADD CONSTRAINT django_session_pkey PRIMARY KEY (session_key);


--
-- Name: accounts_user_groups_group_id_bd11a704; Type: INDEX; Schema: public; Owner: phishing_user
--

CREATE INDEX accounts_user_groups_group_id_bd11a704 ON public.accounts_user_groups USING btree (group_id);


--
-- Name: accounts_user_groups_user_id_52b62117; Type: INDEX; Schema: public; Owner: phishing_user
--

CREATE INDEX accounts_user_groups_user_id_52b62117 ON public.accounts_user_groups USING btree (user_id);


--
-- Name: accounts_user_user_permissions_permission_id_113bb443; Type: INDEX; Schema: public; Owner: phishing_user
--

CREATE INDEX accounts_user_user_permissions_permission_id_113bb443 ON public.accounts_user_user_permissions USING btree (permission_id);


--
-- Name: accounts_user_user_permissions_user_id_e4f0a161; Type: INDEX; Schema: public; Owner: phishing_user
--

CREATE INDEX accounts_user_user_permissions_user_id_e4f0a161 ON public.accounts_user_user_permissions USING btree (user_id);


--
-- Name: accounts_user_username_6088629e_like; Type: INDEX; Schema: public; Owner: phishing_user
--

CREATE INDEX accounts_user_username_6088629e_like ON public.accounts_user USING btree (username varchar_pattern_ops);


--
-- Name: auth_group_name_a6ea08ec_like; Type: INDEX; Schema: public; Owner: phishing_user
--

CREATE INDEX auth_group_name_a6ea08ec_like ON public.auth_group USING btree (name varchar_pattern_ops);


--
-- Name: auth_group_permissions_group_id_b120cbf9; Type: INDEX; Schema: public; Owner: phishing_user
--

CREATE INDEX auth_group_permissions_group_id_b120cbf9 ON public.auth_group_permissions USING btree (group_id);


--
-- Name: auth_group_permissions_permission_id_84c5c92e; Type: INDEX; Schema: public; Owner: phishing_user
--

CREATE INDEX auth_group_permissions_permission_id_84c5c92e ON public.auth_group_permissions USING btree (permission_id);


--
-- Name: auth_permission_content_type_id_2f476e4b; Type: INDEX; Schema: public; Owner: phishing_user
--

CREATE INDEX auth_permission_content_type_id_2f476e4b ON public.auth_permission USING btree (content_type_id);


--
-- Name: campaigns_auditlog_user_id_cd3e7b74; Type: INDEX; Schema: public; Owner: phishing_user
--

CREATE INDEX campaigns_auditlog_user_id_cd3e7b74 ON public.campaigns_auditlog USING btree (user_id);


--
-- Name: campaigns_campaign_created_by_id_11fada74; Type: INDEX; Schema: public; Owner: phishing_user
--

CREATE INDEX campaigns_campaign_created_by_id_11fada74 ON public.campaigns_campaign USING btree (created_by_id);


--
-- Name: campaigns_campaign_email_template_id_ebfec89a; Type: INDEX; Schema: public; Owner: phishing_user
--

CREATE INDEX campaigns_campaign_email_template_id_ebfec89a ON public.campaigns_campaign USING btree (email_template_id);


--
-- Name: campaigns_campaign_name_fa815cc6_like; Type: INDEX; Schema: public; Owner: phishing_user
--

CREATE INDEX campaigns_campaign_name_fa815cc6_like ON public.campaigns_campaign USING btree (name varchar_pattern_ops);


--
-- Name: campaigns_campaignemail_campaign_id_1bb854c6; Type: INDEX; Schema: public; Owner: phishing_user
--

CREATE INDEX campaigns_campaignemail_campaign_id_1bb854c6 ON public.campaigns_campaignemail USING btree (campaign_id);


--
-- Name: campaigns_campaignemail_recipient_id_bb386a2c; Type: INDEX; Schema: public; Owner: phishing_user
--

CREATE INDEX campaigns_campaignemail_recipient_id_bb386a2c ON public.campaigns_campaignemail USING btree (recipient_id);


--
-- Name: campaigns_campaignrecipient_campaign_id_d7c8b010; Type: INDEX; Schema: public; Owner: phishing_user
--

CREATE INDEX campaigns_campaignrecipient_campaign_id_d7c8b010 ON public.campaigns_campaignrecipient USING btree (campaign_id);


--
-- Name: campaigns_campaignrecipient_recipient_id_a37c694a; Type: INDEX; Schema: public; Owner: phishing_user
--

CREATE INDEX campaigns_campaignrecipient_recipient_id_a37c694a ON public.campaigns_campaignrecipient USING btree (recipient_id);


--
-- Name: campaigns_e_created_7e885c_idx; Type: INDEX; Schema: public; Owner: phishing_user
--

CREATE INDEX campaigns_e_created_7e885c_idx ON public.campaigns_event USING btree (created_at);


--
-- Name: campaigns_e_event_t_4aacb8_idx; Type: INDEX; Schema: public; Owner: phishing_user
--

CREATE INDEX campaigns_e_event_t_4aacb8_idx ON public.campaigns_event USING btree (event_type);


--
-- Name: campaigns_emailtemplate_created_by_id_dcebdf5e; Type: INDEX; Schema: public; Owner: phishing_user
--

CREATE INDEX campaigns_emailtemplate_created_by_id_dcebdf5e ON public.campaigns_emailtemplate USING btree (created_by_id);


--
-- Name: campaigns_emailtemplate_name_c651d2d5_like; Type: INDEX; Schema: public; Owner: phishing_user
--

CREATE INDEX campaigns_emailtemplate_name_c651d2d5_like ON public.campaigns_emailtemplate USING btree (name varchar_pattern_ops);


--
-- Name: campaigns_event_campaign_recipient_id_8d82c5a0; Type: INDEX; Schema: public; Owner: phishing_user
--

CREATE INDEX campaigns_event_campaign_recipient_id_8d82c5a0 ON public.campaigns_event USING btree (campaign_recipient_id);


--
-- Name: campaigns_r_email_81b149_idx; Type: INDEX; Schema: public; Owner: phishing_user
--

CREATE INDEX campaigns_r_email_81b149_idx ON public.campaigns_recipient USING btree (email);


--
-- Name: campaigns_stickynote_user_id_d40ea20f; Type: INDEX; Schema: public; Owner: phishing_user
--

CREATE INDEX campaigns_stickynote_user_id_d40ea20f ON public.campaigns_stickynote USING btree (user_id);


--
-- Name: django_admin_log_content_type_id_c4bce8eb; Type: INDEX; Schema: public; Owner: phishing_user
--

CREATE INDEX django_admin_log_content_type_id_c4bce8eb ON public.django_admin_log USING btree (content_type_id);


--
-- Name: django_admin_log_user_id_c564eba6; Type: INDEX; Schema: public; Owner: phishing_user
--

CREATE INDEX django_admin_log_user_id_c564eba6 ON public.django_admin_log USING btree (user_id);


--
-- Name: django_session_expire_date_a5c62663; Type: INDEX; Schema: public; Owner: phishing_user
--

CREATE INDEX django_session_expire_date_a5c62663 ON public.django_session USING btree (expire_date);


--
-- Name: django_session_session_key_c0390e0f_like; Type: INDEX; Schema: public; Owner: phishing_user
--

CREATE INDEX django_session_session_key_c0390e0f_like ON public.django_session USING btree (session_key varchar_pattern_ops);


--
-- Name: accounts_user_groups accounts_user_groups_group_id_bd11a704_fk_auth_group_id; Type: FK CONSTRAINT; Schema: public; Owner: phishing_user
--

ALTER TABLE ONLY public.accounts_user_groups
    ADD CONSTRAINT accounts_user_groups_group_id_bd11a704_fk_auth_group_id FOREIGN KEY (group_id) REFERENCES public.auth_group(id) DEFERRABLE INITIALLY DEFERRED;


--
-- Name: accounts_user_groups accounts_user_groups_user_id_52b62117_fk_accounts_user_id; Type: FK CONSTRAINT; Schema: public; Owner: phishing_user
--

ALTER TABLE ONLY public.accounts_user_groups
    ADD CONSTRAINT accounts_user_groups_user_id_52b62117_fk_accounts_user_id FOREIGN KEY (user_id) REFERENCES public.accounts_user(id) DEFERRABLE INITIALLY DEFERRED;


--
-- Name: accounts_user_user_permissions accounts_user_user_p_permission_id_113bb443_fk_auth_perm; Type: FK CONSTRAINT; Schema: public; Owner: phishing_user
--

ALTER TABLE ONLY public.accounts_user_user_permissions
    ADD CONSTRAINT accounts_user_user_p_permission_id_113bb443_fk_auth_perm FOREIGN KEY (permission_id) REFERENCES public.auth_permission(id) DEFERRABLE INITIALLY DEFERRED;


--
-- Name: accounts_user_user_permissions accounts_user_user_p_user_id_e4f0a161_fk_accounts_; Type: FK CONSTRAINT; Schema: public; Owner: phishing_user
--

ALTER TABLE ONLY public.accounts_user_user_permissions
    ADD CONSTRAINT accounts_user_user_p_user_id_e4f0a161_fk_accounts_ FOREIGN KEY (user_id) REFERENCES public.accounts_user(id) DEFERRABLE INITIALLY DEFERRED;


--
-- Name: auth_group_permissions auth_group_permissio_permission_id_84c5c92e_fk_auth_perm; Type: FK CONSTRAINT; Schema: public; Owner: phishing_user
--

ALTER TABLE ONLY public.auth_group_permissions
    ADD CONSTRAINT auth_group_permissio_permission_id_84c5c92e_fk_auth_perm FOREIGN KEY (permission_id) REFERENCES public.auth_permission(id) DEFERRABLE INITIALLY DEFERRED;


--
-- Name: auth_group_permissions auth_group_permissions_group_id_b120cbf9_fk_auth_group_id; Type: FK CONSTRAINT; Schema: public; Owner: phishing_user
--

ALTER TABLE ONLY public.auth_group_permissions
    ADD CONSTRAINT auth_group_permissions_group_id_b120cbf9_fk_auth_group_id FOREIGN KEY (group_id) REFERENCES public.auth_group(id) DEFERRABLE INITIALLY DEFERRED;


--
-- Name: auth_permission auth_permission_content_type_id_2f476e4b_fk_django_co; Type: FK CONSTRAINT; Schema: public; Owner: phishing_user
--

ALTER TABLE ONLY public.auth_permission
    ADD CONSTRAINT auth_permission_content_type_id_2f476e4b_fk_django_co FOREIGN KEY (content_type_id) REFERENCES public.django_content_type(id) DEFERRABLE INITIALLY DEFERRED;


--
-- Name: campaigns_auditlog campaigns_auditlog_user_id_cd3e7b74_fk_accounts_user_id; Type: FK CONSTRAINT; Schema: public; Owner: phishing_user
--

ALTER TABLE ONLY public.campaigns_auditlog
    ADD CONSTRAINT campaigns_auditlog_user_id_cd3e7b74_fk_accounts_user_id FOREIGN KEY (user_id) REFERENCES public.accounts_user(id) DEFERRABLE INITIALLY DEFERRED;


--
-- Name: campaigns_campaign campaigns_campaign_created_by_id_11fada74_fk_accounts_user_id; Type: FK CONSTRAINT; Schema: public; Owner: phishing_user
--

ALTER TABLE ONLY public.campaigns_campaign
    ADD CONSTRAINT campaigns_campaign_created_by_id_11fada74_fk_accounts_user_id FOREIGN KEY (created_by_id) REFERENCES public.accounts_user(id) DEFERRABLE INITIALLY DEFERRED;


--
-- Name: campaigns_campaign campaigns_campaign_email_template_id_ebfec89a_fk_campaigns; Type: FK CONSTRAINT; Schema: public; Owner: phishing_user
--

ALTER TABLE ONLY public.campaigns_campaign
    ADD CONSTRAINT campaigns_campaign_email_template_id_ebfec89a_fk_campaigns FOREIGN KEY (email_template_id) REFERENCES public.campaigns_emailtemplate(id) DEFERRABLE INITIALLY DEFERRED;


--
-- Name: campaigns_campaignemail campaigns_campaignem_campaign_id_1bb854c6_fk_campaigns; Type: FK CONSTRAINT; Schema: public; Owner: phishing_user
--

ALTER TABLE ONLY public.campaigns_campaignemail
    ADD CONSTRAINT campaigns_campaignem_campaign_id_1bb854c6_fk_campaigns FOREIGN KEY (campaign_id) REFERENCES public.campaigns_campaign(id) DEFERRABLE INITIALLY DEFERRED;


--
-- Name: campaigns_campaignemail campaigns_campaignem_recipient_id_bb386a2c_fk_campaigns; Type: FK CONSTRAINT; Schema: public; Owner: phishing_user
--

ALTER TABLE ONLY public.campaigns_campaignemail
    ADD CONSTRAINT campaigns_campaignem_recipient_id_bb386a2c_fk_campaigns FOREIGN KEY (recipient_id) REFERENCES public.campaigns_campaignrecipient(id) DEFERRABLE INITIALLY DEFERRED;


--
-- Name: campaigns_campaignrecipient campaigns_campaignre_campaign_id_d7c8b010_fk_campaigns; Type: FK CONSTRAINT; Schema: public; Owner: phishing_user
--

ALTER TABLE ONLY public.campaigns_campaignrecipient
    ADD CONSTRAINT campaigns_campaignre_campaign_id_d7c8b010_fk_campaigns FOREIGN KEY (campaign_id) REFERENCES public.campaigns_campaign(id) DEFERRABLE INITIALLY DEFERRED;


--
-- Name: campaigns_campaignrecipient campaigns_campaignre_recipient_id_a37c694a_fk_campaigns; Type: FK CONSTRAINT; Schema: public; Owner: phishing_user
--

ALTER TABLE ONLY public.campaigns_campaignrecipient
    ADD CONSTRAINT campaigns_campaignre_recipient_id_a37c694a_fk_campaigns FOREIGN KEY (recipient_id) REFERENCES public.campaigns_recipient(id) DEFERRABLE INITIALLY DEFERRED;


--
-- Name: campaigns_emailtemplate campaigns_emailtempl_created_by_id_dcebdf5e_fk_accounts_; Type: FK CONSTRAINT; Schema: public; Owner: phishing_user
--

ALTER TABLE ONLY public.campaigns_emailtemplate
    ADD CONSTRAINT campaigns_emailtempl_created_by_id_dcebdf5e_fk_accounts_ FOREIGN KEY (created_by_id) REFERENCES public.accounts_user(id) DEFERRABLE INITIALLY DEFERRED;


--
-- Name: campaigns_event campaigns_event_campaign_recipient_i_8d82c5a0_fk_campaigns; Type: FK CONSTRAINT; Schema: public; Owner: phishing_user
--

ALTER TABLE ONLY public.campaigns_event
    ADD CONSTRAINT campaigns_event_campaign_recipient_i_8d82c5a0_fk_campaigns FOREIGN KEY (campaign_recipient_id) REFERENCES public.campaigns_campaignrecipient(id) DEFERRABLE INITIALLY DEFERRED;


--
-- Name: campaigns_stickynote campaigns_stickynote_user_id_d40ea20f_fk_accounts_user_id; Type: FK CONSTRAINT; Schema: public; Owner: phishing_user
--

ALTER TABLE ONLY public.campaigns_stickynote
    ADD CONSTRAINT campaigns_stickynote_user_id_d40ea20f_fk_accounts_user_id FOREIGN KEY (user_id) REFERENCES public.accounts_user(id) DEFERRABLE INITIALLY DEFERRED;


--
-- Name: django_admin_log django_admin_log_content_type_id_c4bce8eb_fk_django_co; Type: FK CONSTRAINT; Schema: public; Owner: phishing_user
--

ALTER TABLE ONLY public.django_admin_log
    ADD CONSTRAINT django_admin_log_content_type_id_c4bce8eb_fk_django_co FOREIGN KEY (content_type_id) REFERENCES public.django_content_type(id) DEFERRABLE INITIALLY DEFERRED;


--
-- Name: django_admin_log django_admin_log_user_id_c564eba6_fk_accounts_user_id; Type: FK CONSTRAINT; Schema: public; Owner: phishing_user
--

ALTER TABLE ONLY public.django_admin_log
    ADD CONSTRAINT django_admin_log_user_id_c564eba6_fk_accounts_user_id FOREIGN KEY (user_id) REFERENCES public.accounts_user(id) DEFERRABLE INITIALLY DEFERRED;


--
-- PostgreSQL database dump complete
--

\unrestrict pZhuCIFCktMxwzs2uBaHvJREPgLxxaYeFuxoi1eqfbBLux9567cZ5SLJWFeih7m

